Id,SalePrice
1,157997.015625
2,132959.875
3,250681.71875
4,167790.75
5,264309.84375
6,195764.28125
7,187088.46875
8,176646.78125
9,138885.203125
10,224587.703125
11,164150.96875
12,127365.1171875
13,174436.015625
14,166969.34375
15,115572.828125
16,151432.796875
17,262698.625
18,245401.71875
19,200578.4375
20,177386.625
21,180552.546875
22,186507
23,131674.1875
24,128756.265625
25,128973.3671875
26,299218.96875
27,150176.78125
28,155758.484375
29,189861.578125
30,209683.96875
31,224343.703125
32,129172.171875
33,150233.703125
34,150917.46875
35,174090.21875
36,191294.859375
37,177351.359375
38,173135.296875
39,178109.96875
40,182833.796875
41,219639.5
42,166289.875
43,207160.90625
44,237539.9375
45,178077.296875
46,240752.578125
47,183146.265625
48,155331
49,170154.3125
50,174410.703125
51,139218.078125
52,164549.921875
53,201816.6875
54,130568.015625
55,214685.109375
56,142180
57,215952.671875
58,177299.140625
59,239334.671875
60,133354.1875
61,234687.28125
62,151194.40625
63,206626.515625
64,144889.796875
65,164303.90625
66,180063.4375
67,99022.125
68,166982.28125
69,158020.859375
70,169368.5
71,119730.5
72,115273.7265625
73,157127.9375
74,190896.765625
75,161583.6875
76,188448.953125
77,222065.421875
78,154618.203125
79,159748.4375
80,162841.578125
81,189078.859375
82,204940.890625
83,215594.828125
84,161361.859375
85,171400.25
86,194867.328125
87,167525.96875
88,205227.40625
89,126685.53125
90,197043.84375
91,128569.4140625
92,167449
93,192904.21875
94,239509.09375
95,177062.25
96,182904.46875
97,178570.609375
98,175448.21875
99,129554.671875
100,221322.703125
101,188757.8125
102,139207.640625
103,157356.671875
104,147419.4375
105,183022.421875
106,225782.078125
107,169057.359375
108,173000.859375
109,227156.53125
110,211518.21875
111,207719.765625
112,152597.484375
113,194052.015625
114,167101.203125
115,152465.296875
116,143521.609375
117,176269.890625
118,233858.96875
119,163262.953125
120,118567.109375
121,357307.40625
122,177012.84375
123,184780.734375
124,160889.65625
125,162607.328125
126,164260.296875
127,219789.125
128,175910.25
129,256985.484375
130,132699.515625
131,242793.328125
132,267266.5
133,159673.859375
134,190882.921875
135,172834.1875
136,145922.046875
137,127074.2734375
138,217753.8125
139,196276.4375
140,203462.40625
141,185328.703125
142,201574.484375
143,145394.34375
144,173144.515625
145,221174.59375
146,152486
147,165141.53125
148,228340.625
149,221829.921875
150,175026
151,164993.71875
152,159023.34375
153,128129.171875
154,189852.671875
155,192521.640625
156,338856.84375
157,180512.90625
158,160223.8125
159,165466.4375
160,147957.53125
161,145961.796875
162,187910.171875
163,170185.625
164,195450.84375
165,167600.5625
166,264641.53125
167,150455.296875
168,213023.84375
169,140253.125
170,154170.109375
171,162707.78125
172,155103.03125
173,176188.8125
174,145787.875
175,173696.640625
176,274569.65625
177,128727.6640625
178,185682.03125
179,188535.875
180,161773.25
181,160738.09375
182,141556.875
183,217343.921875
184,185959.09375
185,157030.03125
186,184641.859375
187,148129.078125
188,168214.171875
189,183649.109375
190,153350.53125
191,108827.8125
192,180397.046875
193,272846.875
194,138926.296875
195,192556.984375
196,138921.921875
197,159775.53125
198,129376.3828125
199,175061.296875
200,170358.671875
201,172169.28125
202,151064.109375
203,196835.890625
204,185120.578125
205,263374.34375
206,140044.671875
207,167260.1875
208,145678.421875
209,134009.28125
210,143302.03125
211,224084.96875
212,154122.3125
213,171723.53125
214,122272.234375
215,192879.21875
216,210072.828125
217,166353.71875
218,225106.234375
219,130578.6484375
220,167879.109375
221,209545.03125
222,150156.0625
223,221190.25
224,154685.90625
225,145845.28125
226,178581.484375
227,175442.390625
228,196313.09375
229,135180.6875
230,159232.875
231,140283.09375
232,172241.203125
233,139600.71875
234,118158.5625
235,129589.3203125
236,131898.34375
237,178352.109375
238,137488.6875
239,116619.9296875
240,191748.859375
241,237794.125
242,183254.28125
243,160325.625
244,206232.90625
245,168442.453125
246,161415.234375
247,144325.203125
248,120922.3203125
249,282734.59375
250,128365.4296875
251,154423.421875
252,203772.25
253,170761.765625
254,215686.65625
255,167614.125
256,132023.75
257,151826.3125
258,141605.484375
259,263569.28125
260,110968.40625
261,149232.671875
262,178550.5625
263,124052.9296875
264,148018.4375
265,149897.171875
266,177099.0625
267,135329.984375
268,104871.9296875
269,127811.6796875
270,183648.609375
271,187738.515625
272,144260.515625
273,140277.96875
274,143647.328125
275,163493.375
276,104370.78125
277,247656.796875
278,202568.953125
279,119681.6953125
280,186104.109375
281,197749.703125
282,236168.84375
283,124946.7265625
284,231315.0625
285,168650.671875
286,183505.78125
287,225414.8125
288,164519.359375
289,166074.671875
290,138122.28125
291,191768.3125
292,186905.609375
293,149845
294,183736.640625
295,157764.453125
296,140761.171875
297,117372.5390625
298,133167.78125
299,283305.6875
300,130313.140625
301,174957.875
302,150849.390625
303,192529.984375
304,185447.328125
305,144362.5
306,216801.96875
307,141416.453125
308,172240.46875
309,124269.9375
310,271224.84375
311,149889.265625
312,131851.796875
313,201895.890625
314,154783.671875
315,123142.328125
316,127703.921875
317,200217.671875
318,188608.484375
319,180714.4375
320,161883.265625
321,169804.78125
322,135694.890625
323,135603.015625
324,296156.03125
325,104588.28125
326,195468.390625
327,157239.4375
328,165460.3125
329,225668.859375
330,206913.6875
331,197052.15625
332,180662.375
333,122721.3125
334,124406.578125
335,131772.125
336,184995.390625
337,178697.90625
338,138508.265625
339,202391.90625
340,124023.578125
341,166872.546875
342,201291.234375
343,114257.6875
344,216215.96875
345,222722.15625
346,173328.28125
347,107448.3203125
348,144531.625
349,135266.9375
350,169571.78125
351,185775.859375
352,130828.4921875
353,147266.5
354,140917.34375
355,182950.328125
356,154732.8125
357,128895.4296875
358,178118.484375
359,224918.84375
360,134956.703125
361,145219.40625
362,117365.4453125
363,165177.21875
364,143205.53125
365,170698.484375
366,163856.875
367,128051.5078125
368,209074.34375
369,173639.5625
370,180000.59375
371,154885.9375
372,254181.046875
373,193245.59375
374,197391.25
375,195783.34375
376,189212.796875
377,163444.515625
378,161230.15625
379,137462.421875
380,164681.890625
381,192065.5
382,186788.828125
383,104626.453125
384,176393.90625
385,250176.78125
386,149404.125
387,199799.140625
388,218701.859375
389,111394.3359375
390,159568.671875
391,184563.984375
392,128776.6640625
393,132512.15625
394,160134.125
395,194927.375
396,190387.34375
397,132602.4375
398,154673.921875
399,140448.65625
400,147056.546875
401,168645.5625
402,147015.0625
403,151676.546875
404,172004.171875
405,148695.921875
406,152190.46875
407,112461.40625
408,156865.765625
409,121362.765625
410,186040.8125
411,138121.203125
412,142355.078125
413,133328.84375
414,201335.703125
415,168491.453125
416,197700.984375
417,172000.546875
418,167039.953125
419,143155.828125
420,185646.3125
421,138814.953125
422,155733.40625
423,143255.4375
424,202804.859375
425,188965.859375
426,199639.453125
427,148371.453125
428,172307.53125
429,229360.828125
430,158898.09375
431,204135
432,158586.1875
433,139942.59375
434,131505.84375
435,160225.0625
436,198941.65625
437,166203.734375
438,166936.734375
439,148644.0625
440,169529.390625
441,172710.140625
442,110423.9453125
443,145734.546875
444,142102.75
445,224740.21875
446,154461.65625
447,207903.359375
448,215560.125
449,220067.640625
450,200456.59375
451,128295.3984375
452,130246.9921875
453,163737.703125
454,131685.515625
455,154235.109375
456,164496.546875
457,162519.6875
458,251263.375
459,197078.625
460,151512.765625
461,250896.46875
462,164938.03125
463,180143.171875
464,233676.171875
465,155814.8125
466,187488.265625
467,182295.5
468,206245.4375
469,156252
470,192865.625
471,154343.84375
472,226176.078125
473,176403.359375
474,183889.09375
475,197442.0625
476,108588.4765625
477,201473.3125
478,139410.84375
479,153109.828125
480,170831.625
481,195968.96875
482,202854.59375
483,165174.359375
484,121350.6328125
485,167658.40625
486,211661.5625
487,159024
488,222324.28125
489,142906.875
490,161523.75
491,113587.3359375
492,166665.578125
493,182270.640625
494,126888.5390625
495,195501.421875
496,116602.3828125
497,154948.84375
498,171426.953125
499,188918.015625
500,213185.296875
501,120179.1484375
502,165213.4375
503,182778.96875
504,132795.609375
505,197595.234375
506,198882.84375
507,217857.515625
508,173038.5625
509,236415.9375
510,140408.765625
511,246103.71875
512,179039.140625
513,190837.125
514,135248.40625
515,212013.375
516,200821.53125
517,252838.5
518,166866.125
519,154568.953125
520,156120.65625
521,146917.15625
522,189726.5
523,134962.3125
524,145003.578125
525,232352.578125
526,153283.375
527,184981.8125
528,158645.828125
529,228050.625
530,213570.265625
531,192516.46875
532,143900.9375
533,203885.59375
534,172204.03125
535,182019.625
536,220537.28125
537,180108.296875
538,212949.5
539,233699
540,99283.9921875
541,155692.796875
542,133564.734375
543,158512.546875
544,153171.359375
545,163191.34375
546,143360.5
547,194088.953125
548,179791.203125
549,130095.703125
550,134549.484375
551,145535.359375
552,188465
553,139175.1875
554,205767.921875
555,171958.6875
556,189005.75
557,247275.5625
558,224978.5
559,124406.5546875
560,134239.625
561,133409.125
562,162891.59375
563,116876.2109375
564,241481.5
565,219856.34375
566,202171.515625
567,231188.078125
568,150936.234375
569,160433.65625
570,220871.328125
571,162757.8125
572,118244.8671875
573,165109.515625
574,159694.296875
575,184235.296875
576,147209.125
577,188040.921875
578,170397.34375
579,186907.640625
580,116551.8671875
581,152516.765625
582,141198.6875
583,209224.5
584,135735.625
585,180214.421875
586,243489.703125
587,218424.875
588,202862.53125
589,134500.625
590,147420.859375
591,242768.6875
592,260379.265625
593,230923.453125
594,309784.21875
595,146682.28125
596,177021.765625
597,240866.828125
598,174722.4375
599,165959.625
600,138911.125
601,210314.828125
602,177750.453125
603,161729.171875
604,180861.5
605,118575.734375
606,124836.7109375
607,138521.875
608,152691.203125
609,210782.234375
610,215148.578125
611,143142.890625
612,105319.15625
613,133327.234375
614,242059.390625
615,113981.234375
616,194798.328125
617,190903.328125
618,190398.484375
619,186554.421875
620,148270.1875
621,170705.875
622,189251.796875
623,276754.4375
624,183560.75
625,126147.859375
626,167348.578125
627,182456.4375
628,160970.84375
629,216813.90625
630,132598.515625
631,176017.703125
632,148399.640625
633,173953.53125
634,207755.328125
635,176054.546875
636,152917.84375
637,178690.046875
638,177741
639,166734.1875
640,122168.6875
641,243617.796875
642,178194.4375
643,211297.8125
644,166768.28125
645,132887.859375
646,141759.546875
647,217040.484375
648,125928.0390625
649,224679.71875
650,184614.046875
651,114400.671875
652,174480.96875
653,129718.0625
654,125820.7578125
655,152264.28125
656,209087.90625
657,178738.3125
658,136738.421875
659,152409.484375
660,157380.484375
661,165876.640625
662,148493.578125
663,176557.328125
664,186005.640625
665,228427.1875
666,184909.484375
667,135920.875
668,180109.4375
669,171002.765625
670,121251.5625
671,125077.8984375
672,187550.421875
673,133188.6875
674,207459.78125
675,182241.953125
676,172532.9375
677,181995.390625
678,160591.09375
679,190702.546875
680,147704.65625
681,155154.4375
682,172315.765625
683,190476.953125
684,144440.390625
685,188567.296875
686,142607.21875
687,195746.640625
688,179898.84375
689,166469.15625
690,216009.34375
691,176369.5625
692,159562.6875
693,132902.59375
694,220535.921875
695,171511.125
696,183157.9375
697,168265.703125
698,132481.8125
699,144222.75
700,206851.90625
701,168386.625
702,177608
703,217453.5625
704,224134
705,128082.8671875
706,149216.796875
707,159243.1875
708,199662.75
709,205219.296875
710,113210.328125
711,164810.859375
712,144187.5625
713,170467.71875
714,165503.625
715,134233.65625
716,144789.484375
717,188993.4375
718,179917.15625
719,134751.296875
720,173024.546875
721,171867.84375
722,144745.078125
723,147806.359375
724,162710.453125
725,152624.765625
726,136971.25
727,156647.796875
728,147309.671875
729,155169.359375
730,219145.78125
731,223853.671875
732,177128.375
733,156094.953125
734,196896.328125
735,136845.671875
736,192345.6875
737,158278.203125
738,194494.21875
739,158314.859375
740,149163.515625
741,184214.90625
742,112564.4609375
743,142087.46875
744,204356.328125
745,176964.21875
746,174416.296875
747,172959.46875
748,118660.0859375
749,175924.21875
750,224144.640625
751,167520.46875
752,225909.484375
753,231025.65625
754,203870.484375
755,177179.1875
756,200171.875
757,280931.53125
758,167297.5
759,188042.828125
760,148773.96875
761,196615.015625
762,149826.78125
763,199385.125
764,232738.390625
765,237957.984375
766,200431.609375
767,240501.40625
768,172311.0625
769,99185.625
770,262418.8125
771,153544.90625
772,184100.578125
773,178034.828125
774,189775.65625
775,180105.640625
776,173353.703125
777,256121.109375
778,140473.734375
779,154571.703125
780,198206.78125
781,228683.890625
782,173484.53125
783,155049.453125
784,140494.5625
785,154526.484375
786,104911.3515625
787,144852.703125
788,163956.578125
789,186971.328125
790,178217.3125
791,180249.578125
792,188105.109375
793,128774.359375
794,149294.828125
795,129955.96875
796,226393.15625
797,166144.1875
798,170822
799,131479.6875
800,165663.75
801,169687.265625
802,160645.0625
803,176566.46875
804,138155.828125
805,157299.65625
806,154430.546875
807,164819.4375
808,186426.109375
809,139308.125
810,152761.75
811,220540.234375
812,155854.828125
813,119245.421875
814,198055.296875
815,142943.859375
816,246435.65625
817,219677.28125
818,221207.15625
819,342179.1875
820,171036.046875
821,190802.53125
822,226087.9375
823,140263.90625
824,140700.671875
825,179292.453125
826,258861.359375
827,212213.5
828,211712.21875
829,183106.234375
830,132010.109375
831,169736.6875
832,169431.34375
833,155333.390625
834,168264.859375
835,187766.75
836,270017.15625
837,153178.609375
838,152656.671875
839,157161.9375
840,137396.765625
841,104961.25
842,205806.859375
843,114512.4765625
844,184125.234375
845,132307.78125
846,127966.5
847,168758.765625
848,140035.8125
849,159796.609375
850,150801.328125
851,131931.203125
852,195768.046875
853,166347.71875
854,152954.859375
855,156432.875
856,132379.1875
857,127602.671875
858,288710.40625
859,185634.84375
860,200461.4375
861,227515.625
862,195237.671875
863,183178.875
864,195609.78125
865,292726.0625
866,189313.15625
867,211487.828125
868,150697.875
869,147254.53125
870,166159.671875
871,173274.421875
872,151434.5
873,258320.984375
874,139682.046875
875,179616.34375
876,182638.734375
877,169442.5625
878,156208.515625
879,146538.34375
880,294089.21875
881,165429.40625
882,183591.421875
883,222063.328125
884,161506.578125
885,125056.671875
886,105007.7109375
887,155761.84375
888,184492.15625
889,252261.078125
890,168436.546875
891,189976.109375
892,227863.3125
893,116711.1796875
894,194963.578125
895,163113.4375
896,154066.09375
897,146369.734375
898,114732.6171875
899,193992.859375
900,177100.640625
901,140319.421875
902,172864.03125
903,180623.234375
904,120027.1484375
905,181592.40625
906,280417.46875
907,169454.421875
908,147601.75
909,140547.671875
910,179475.9375
911,171622.234375
912,125924.78125
913,170700.296875
914,190397.421875
915,144906.40625
916,193399.03125
917,194472.4375
918,133107.71875
919,169247.59375
920,174380.796875
921,131373.65625
922,105105.21875
923,245133.703125
924,283251.5625
925,171650.421875
926,153183.140625
927,188167.875
928,172601.6875
929,136200.140625
930,197834.609375
931,188625.484375
932,141905.9375
933,105978.921875
934,193208.640625
935,187576.546875
936,166264.765625
937,166939.46875
938,168426.078125
939,175813.734375
940,237515.953125
941,196445.015625
942,189498.578125
943,201664.171875
944,256752.671875
945,194118.421875
946,213778.359375
947,185599.625
948,164649.578125
949,145259.625
950,167625.40625
951,138759.546875
952,173334.625
953,186407.5
954,225197.0625
955,127226.4453125
956,212982.296875
957,185998.578125
958,126055.0859375
959,168459.84375
960,144998.953125
961,231130.15625
962,256325.625
963,139170.734375
964,138692.71875
965,161422.046875
966,127812.5859375
967,127645.796875
968,190856.75
969,171838.421875
970,150199.171875
971,129735.109375
972,166476.765625
973,224364.546875
974,260128.78125
975,153957.1875
976,136771.546875
977,107503.9921875
978,141123.1875
979,197469.09375
980,165601.125
981,158642.9375
982,147152.484375
983,141563.5
984,161494.59375
985,158375.78125
986,126694.1015625
987,103290.7265625
988,189652.59375
989,208759.6875
990,149340.75
991,189966.140625
992,236764.28125
993,183580.421875
994,145144.328125
995,200847.59375
996,168264.328125
997,155777.96875
998,155061.140625
999,165962.609375
1000,149991.734375
1001,172081.796875
1002,265190.3125
1003,207232.984375
1004,138482
1005,121516.2734375
1006,107543.4375
1007,170354.34375
1008,159394.1875
1009,164782.59375
1010,140346.09375
1011,136469.890625
1012,177298.75
1013,140671.71875
1014,176329.53125
1015,145160.734375
1016,129696.21875
1017,131743.09375
1018,150237.4375
1019,125875.171875
1020,179177.890625
1021,155857.6875
1022,185454.75
1023,118709.359375
1024,187688
1025,114808.0078125
1026,161960.546875
1027,188442.40625
1028,148437.421875
1029,191581.515625
1030,156134.515625
1031,171937.171875
1032,169801.640625
1033,213642.171875
1034,120954.28125
1035,167702.59375
1036,186851.546875
1037,150628.21875
1038,185884.484375
1039,221941.28125
1040,216317.625
1041,152584.109375
1042,149261.515625
1043,240480.921875
1044,212567.453125
1045,198649.125
1046,285726
1047,181607.03125
1048,212535.890625
1049,180877.703125
1050,139421.046875
1051,140534.59375
1052,176283.625
1053,124016.6484375
1054,202358.375
1055,170577.921875
1056,162741.015625
1057,143549.765625
1058,172209.96875
1059,170218.28125
1060,123505.4140625
1061,189276.90625
1062,157594.78125
1063,171246.78125
1064,153490.15625
1065,170665.359375
1066,190090.921875
1067,234085.1875
1068,150913.265625
1069,149905.96875
1070,151250.59375
1071,124364.6015625
1072,136096.359375
1073,108574.1875
1074,165217.109375
1075,126218.8046875
1076,148737.109375
1077,259879.09375
1078,166590.046875
1079,144672.046875
1080,154909.828125
1081,120119.765625
1082,171886.6875
1083,180025.90625
1084,159861.328125
1085,139854.453125
1086,151975.71875
1087,172394.765625
1088,136435.140625
1089,154112.046875
1090,179027.828125
1091,178352.375
1092,153809.359375
1093,255119.578125
1094,113267.546875
1095,161957.171875
1096,202560.34375
1097,150369.65625
1098,240068.671875
1099,194093.359375
1100,206970.09375
1101,130981.125
1102,186119.328125
1103,135392.28125
1104,161590.921875
1105,165894.828125
1106,169113.765625
1107,187396.3125
1108,167971
1109,226829.5
1110,133134.953125
1111,123396.4453125
1112,184867.484375
1113,167365.140625
1114,182264.84375
1115,233456.609375
1116,166499.609375
1117,132239.3125
1118,138106.71875
1119,270272.375
1120,175760.515625
1121,158557.328125
1122,112342.703125
1123,232643.28125
1124,186160.296875
1125,188349.953125
1126,243964.625
1127,196717.765625
1128,165399.046875
1129,158896.703125
1130,152095.34375
1131,238155.84375
1132,166213.5
1133,137564.359375
1134,173918.859375
1135,150560.28125
1136,158727.53125
1137,135248.296875
1138,182314.90625
1139,194624.578125
1140,159538.921875
1141,163178.515625
1142,150414.609375
1143,166534.0625
1144,141803.5625
1145,126017.828125
1146,204747.546875
1147,147511.515625
1148,261906.75
1149,148173.265625
1150,150384.78125
1151,247753.59375
1152,143235.203125
1153,125371.6015625
1154,141503.671875
1155,128954.453125
1156,143236.34375
1157,166127.296875
1158,208129.203125
1159,130543.5234375
1160,178447.203125
1161,150773.453125
1162,136662.9375
1163,142716.375
1164,119907.03125
1165,227916.234375
1166,206792.859375
1167,143539.09375
1168,181383.203125
1169,190447.328125
1170,201194.671875
1171,172153.78125
1172,214778.90625
1173,154441.296875
1174,164300.03125
1175,158114.03125
1176,220936.5625
1177,217748.046875
1178,214296.875
1179,153436.734375
1180,134807.875
1181,195979.390625
1182,154530.25
1183,132420.828125
1184,187717.875
1185,154849.46875
1186,167160.59375
1187,259157.78125
1188,100618.6484375
1189,232219.390625
1190,135521.28125
1191,243085.296875
1192,144145.859375
1193,218722.265625
1194,148017.671875
1195,236240.578125
1196,154980.796875
1197,198867.84375
1198,239635.984375
1199,178870.21875
1200,134609.921875
1201,175301.90625
1202,145138.34375
1203,254428.125
1204,143151.265625
1205,152963.859375
1206,204904.890625
1207,164698.640625
1208,198505.8125
1209,155655.171875
1210,153205.296875
1211,143871.984375
1212,149933.546875
1213,144063.953125
1214,154800.328125
1215,189057.34375
1216,218343.703125
1217,119458
1218,222358.0625
1219,216387.875
1220,182999.6875
1221,200164.421875
1222,192666.0625
1223,149299.0625
1224,187422.453125
1225,263044.5625
1226,191712.546875
1227,158992.984375
1228,152948.515625
1229,295994.8125
1230,152905.390625
1231,140369.59375
1232,130783.515625
1233,243802.171875
1234,144816.1875
1235,188235.359375
1236,152889.875
1237,229972.78125
1238,140774.140625
1239,172522.546875
1240,145727.578125
1241,159758.15625
1242,105628.2265625
1243,162880.640625
1244,130002.703125
1245,143264.1875
1246,204427.765625
1247,135597.90625
1248,132401.765625
1249,157398.28125
1250,116445.890625
1251,126453.6015625
1252,129994.4140625
1253,177305.0625
1254,183693.15625
1255,222851.828125
1256,168608.609375
1257,172512.375
1258,153810.984375
1259,268121.40625
1260,152399.671875
1261,219426.78125
1262,154658.734375
1263,210126.0625
1264,178299.984375
1265,152376.921875
1266,184087.5625
1267,164084.78125
1268,201249.40625
1269,144374.28125
1270,196975.15625
1271,192578.546875
1272,152504.375
1273,171277.03125
1274,138536.5
1275,178423.796875
1276,121884.6875
1277,199548.15625
1278,169683.546875
1279,220717.015625
1280,142437.328125
1281,178881.0625
1282,172915.8125
1283,196028.109375
1284,191588
1285,150467.625
1286,167712.28125
1287,179505.28125
1288,198618.859375
1289,159346.3125
1290,174080.78125
1291,136700.203125
1292,161489.828125
1293,208749.46875
1294,135804.875
1295,107628.421875
1296,217414.140625
1297,148117.109375
1298,142230.109375
1299,111152.5078125
1300,153947.25
1301,147190.828125
1302,147648.890625
1303,149304.203125
1304,115485.78125
1305,190941.828125
1306,142924.25
1307,171157.015625
1308,136880.9375
1309,157985.15625
1310,178224.109375
1311,217383.96875
1312,158125.359375
1313,222348.390625
1314,188068.734375
1315,167808.796875
1316,144518.09375
1317,153613.828125
1318,166650.828125
1319,242709.484375
1320,165554.75
1321,149465.625
1322,161273.453125
1323,134074.671875
1324,149178.921875
1325,132433.8125
1326,162030.015625
1327,166359.71875
1328,115214.21875
1329,181967.078125
1330,218167.71875
1331,167138.71875
1332,254857.046875
1333,111470.2265625
1334,208773.015625
1335,321640.9375
1336,200708.59375
1337,205124.828125
1338,178782.3125
1339,118775.171875
1340,163182.90625
1341,239363.390625
1342,106346.7734375
1343,151896.796875
1344,185905.375
1345,159683.53125
1346,166031.75
1347,138937.453125
1348,184125.953125
1349,118697.171875
1350,171258.484375
1351,150807.609375
1352,129856
1353,184971.234375
1354,147020.125
1355,228090.53125
1356,141555.46875
1357,208285.859375
1358,160217.125
1359,174683.921875
1360,148311.125
1361,118426.2421875
1362,159367.15625
1363,185772.875
1364,113381.3828125
1365,218044.765625
1366,298678.75
1367,161920.703125
1368,161206.234375
1369,202672.96875
1370,172199.921875
1371,217432.109375
1372,154231.6875
1373,186225.84375
1374,135916.46875
1375,114522.2109375
1376,137046.046875
1377,155324.71875
1378,127225.8984375
1379,209775.046875
1380,195088.859375
1381,152751.09375
1382,155849.984375
1383,122085.1015625
1384,123153.6015625
1385,124323.484375
1386,170932.625
1387,172911.734375
1388,173258.578125
1389,187488.46875
1390,178248.96875
1391,146212.875
1392,202560.484375
1393,211825.8125
1394,153678.171875
1395,137135.6875
1396,164709.078125
1397,212033.53125
1398,130533.3515625
1399,167793.296875
1400,188445.59375
1401,129698.3359375
1402,154777.734375
1403,171660.0625
1404,176559.40625
1405,211762.015625
1406,151328.5
1407,192821.421875
1408,248198.359375
1409,167567.265625
1410,132541.5625
1411,160037.78125
1412,156578.953125
1413,205150.25
1414,170252.8125
1415,228954.03125
1416,248907.59375
1417,96740.1015625
1418,126323.484375
1419,225623.125
1420,129952.125
1421,220983.640625
1422,149988.75
1423,169273.65625
1424,173575.171875
1425,261618.46875
1426,189209.96875
1427,153444.578125
1428,152730.609375
1429,133113.4375
1430,200739.71875
1431,245777.265625
1432,135465.96875
1433,187279.40625
1434,150496.578125
1435,231916.953125
1436,107200.328125
1437,202244.203125
1438,166714.015625
1439,148772.71875
1440,220898.90625
1441,159949.734375
1442,170208.90625
1443,190314.5
1444,206918.265625
1445,172132.53125
1446,137744.328125
1447,223092.453125
1448,208061.5
1449,158323.484375
1450,114326.2265625
1451,218885.8125
1452,169905.28125
1453,154113.09375
1454,202282.984375
1455,182538.1875
1456,168881.578125
1457,210350.625
1458,157350.15625
1459,134463.890625
1460,140480.359375
1461,189541.8125
1462,117400.8046875
1463,170868.25
1464,164758.6875
1465,159399.296875
1466,145862.953125
1467,127248.3203125
1468,146613.921875
1469,175897.078125
1470,133661.296875
1471,189354.1875
1472,160484.328125
1473,227655.828125
1474,228546.9375
1475,125540.8984375
1476,254574.9375
1477,126637.28125
1478,160698.625
1479,138753.359375
1480,179762.8125
1481,157751.234375
1482,130620.0703125
1483,171500.390625
1484,194644.390625
1485,154836.359375
1486,160603.828125
1487,157899.6875
1488,179956.1875
1489,278332.5
1490,144116.109375
1491,152750.453125
1492,111885.9375
1493,171670.8125
1494,170527.25
1495,123119.125
1496,148954.015625
1497,155055.1875
1498,118770.2265625
1499,227381.09375
1500,216783.0625
1501,161219.671875
1502,122128.0703125
1503,165313.9375
1504,165608.09375
1505,212311.21875
1506,186049.203125
1507,180804.421875
1508,190889.015625
1509,228357.59375
1510,154169.046875
1511,126749.703125
1512,105215.625
1513,120091.5234375
1514,198455.890625
1515,180300.0625
1516,154487.890625
1517,181480.09375
1518,210753.34375
1519,162610.515625
1520,164022.078125
1521,142214.515625
1522,157872.171875
1523,246634.046875
1524,236269.40625
1525,179964.171875
1526,127092.1484375
1527,151309.40625
1528,126881.5234375
1529,185481.59375
1530,203012.5
1531,286326.4375
1532,174592.609375
1533,247438.5
1534,216964.59375
1535,215045.734375
1536,105856.6328125
1537,159477.84375
1538,98476.5859375
1539,113578.7265625
1540,210698.15625
1541,161681.375
1542,149456.765625
1543,172147.96875
1544,156678.5
1545,157517.96875
1546,152070.46875
1547,170485.9375
1548,195191.046875
1549,204126.21875
1550,211671.21875
1551,114542.3984375
1552,176088.296875
1553,161625.6875
1554,175930.546875
1555,126461.953125
1556,132430.625
1557,216697.28125
1558,178136.4375
1559,166424.71875
1560,144837.984375
1561,225430.5
1562,210581.421875
1563,126840.578125
1564,241618.125
1565,210822.03125
1566,110105.046875
1567,122417.8046875
1568,167123.65625
1569,138391.5625
1570,142265.5
1571,175790.078125
1572,181628.625
1573,175577.78125
1574,140977.875
1575,143412.0625
1576,212431.578125
1577,167304.65625
1578,270429.6875
1579,188826.9375
1580,180608.046875
1581,164809.28125
1582,160776.078125
1583,161318.5
1584,157592.953125
1585,192019.25
1586,215646.265625
1587,135258.15625
1588,107094.984375
1589,195378.265625
1590,191299.8125
1591,125686.140625
1592,185294.78125
1593,154889.125
1594,162884.734375
1595,157497.109375
1596,155694.234375
1597,135200.359375
1598,181373.65625
1599,185119.96875
1600,200255.1875
1601,174154
1602,94879.578125
1603,115692.796875
1604,154376.3125
1605,151055.078125
1606,180532.78125
1607,177331.609375
1608,169282.4375
1609,167993.078125
1610,195970.859375
1611,148989.5
1612,130077.515625
1613,166492.5625
1614,160272.625
1615,184708.8125
1616,135596.46875
1617,194845.671875
1618,174405.5625
1619,161335.53125
1620,205992.765625
1621,174467.4375
1622,282795.1875
1623,108186.4140625
1624,294735.25
1625,190212.53125
1626,166924.921875
1627,166954.4375
1628,217940.625
1629,144140.046875
1630,186103.21875
1631,201791.625
1632,203785
1633,273675.1875
1634,162543.484375
1635,267455.46875
1636,157867.921875
1637,186197.75
1638,140370.4375
1639,242912.8125
1640,149894.734375
1641,187525.25
1642,143163.703125
1643,196015.15625
1644,120334.421875
1645,129126.8984375
1646,197800.109375
1647,261436.140625
1648,141235.40625
1649,201450.015625
1650,168088.78125
1651,192606.5
1652,151456.71875
1653,148507.4375
1654,258063.53125
1655,141183.484375
1656,170513.953125
1657,181346.4375
1658,153925.359375
1659,231869.4375
1660,199404.484375
1661,197955.4375
1662,208770.296875
1663,160827.28125
1664,148298.515625
1665,238770.640625
1666,158059.375
1667,188686.9375
1668,124389.546875
1669,144204.703125
1670,175385.28125
1671,146418.578125
1672,151385.75
1673,131364.34375
1674,172112.796875
1675,207494.8125
1676,145649.953125
1677,178482.265625
1678,120589.75
1679,165743.109375
1680,161735.25
1681,169066.328125
1682,153996.359375
1683,159695.921875
1684,151771.78125
1685,137767.578125
1686,176159.359375
1687,186409.96875
1688,186516.9375
1689,136769.28125
1690,191099.09375
1691,175190.40625
1692,146114.9375
1693,199546
1694,231608.84375
1695,303294.34375
1696,159853.515625
1697,146374.5625
1698,153213.71875
1699,256104.390625
1700,184981.28125
1701,288549.59375
1702,207686.4375
1703,150220.703125
1704,250192.21875
1705,180278.625
1706,173008.734375
1707,164873.203125
1708,158136.203125
1709,224850.65625
1710,147352.078125
1711,145088.125
1712,151068.734375
1713,140826.421875
1714,158282.765625
1715,130691.3203125
1716,161292.15625
1717,144833.015625
1718,178047.828125
1719,185922.234375
1720,196825.625
1721,149910.34375
1722,144486.828125
1723,253020.421875
1724,178391.546875
1725,117319.046875
1726,173724.234375
1727,148201.140625
1728,114862.046875
1729,164722.421875
1730,139341.28125
1731,157394.09375
1732,150471.96875
1733,204202.046875
1734,150501.671875
1735,154614.5
1736,206774.234375
1737,182150.046875
1738,217590.125
1739,184230.859375
1740,170757.578125
1741,173334.640625
1742,224404.421875
1743,138221.28125
1744,191804.609375
1745,252598.4375
1746,184887.734375
1747,150986.359375
1748,165995.6875
1749,213092.234375
1750,137806.421875
1751,154311.953125
1752,110303.9453125
1753,149101.28125
1754,157127.96875
1755,135025.140625
1756,220204.75
1757,193809.390625
1758,226565.125
1759,169748.890625
1760,173010.15625
1761,167931.640625
1762,247965.59375
1763,150273.921875
1764,183694.171875
1765,149146.265625
1766,127129.375
1767,189116.875
1768,127300.9921875
1769,241240.671875
1770,126852.828125
1771,140838.46875
1772,168623.296875
1773,134943.828125
1774,292155.15625
1775,176627.375
1776,183361.03125
1777,260577.703125
1778,152004.859375
1779,169146.359375
1780,203608.578125
1781,172530.65625
1782,144686.53125
1783,171405.703125
1784,124137.015625
1785,157629.734375
1786,168803.1875
1787,170851.046875
1788,138621.046875
1789,324613.78125
1790,153697.75
1791,188721.921875
1792,204349.140625
1793,152073.0625
1794,189230.9375
1795,188171.578125
1796,142945.734375
1797,117862.2421875
1798,87586.7734375
1799,137021.90625
1800,186818.734375
1801,170069.578125
1802,233925.578125
1803,177969.796875
1804,181846.515625
1805,164179
1806,174799.53125
1807,167129.421875
1808,117824.40625
1809,152663.234375
1810,117815.34375
1811,167437.625
1812,140909.09375
1813,175478.84375
1814,163355.703125
1815,143980.59375
1816,137491.21875
1817,270582.15625
1818,130783.609375
1819,120802.84375
1820,183955.59375
1821,165200.734375
1822,240197.9375
1823,169481.546875
1824,195078.5
1825,149612.90625
1826,218681.109375
1827,190622.328125
1828,254628.015625
1829,162854.25
1830,162247.078125
1831,231948.9375
1832,217998.625
1833,179886.4375
1834,127187.359375
1835,129403.5390625
1836,126605.28125
1837,270143.34375
1838,200993.625
1839,243163.09375
1840,100470.8828125
1841,181522.15625
1842,146550.015625
1843,157351.65625
1844,250519.140625
1845,171266.34375
1846,185295.828125
1847,252315.921875
1848,275977.34375
1849,151228.140625
1850,109070.5703125
1851,234379
1852,190171.84375
1853,166603.25
1854,175738.4375
1855,206120.34375
1856,197656.34375
1857,117025.578125
1858,223296.296875
1859,172444.734375
1860,206199.46875
1861,145197.453125
1862,155094.703125
1863,176591.25
1864,192143.15625
1865,143483.40625
1866,178824.265625
1867,171003.59375
1868,97130.6328125
1869,174926.375
1870,229689.984375
1871,138121.71875
1872,146074.984375
1873,155027.03125
1874,146183.265625
1875,167023.3125
1876,178474.5
1877,191987.234375
1878,158121.9375
1879,162492.90625
1880,146825.40625
1881,279650.34375
1882,167359.1875
1883,127651.3046875
1884,141654.703125
1885,180428.90625
1886,175722.046875
1887,162355.671875
1888,119892.75
1889,158677.171875
1890,201364.1875
1891,95168.5
1892,160116.09375
1893,191283.3125
1894,238275.265625
1895,194355.71875
1896,132051.34375
1897,194772.890625
1898,218502.515625
1899,159797.65625
1900,118298
1901,141560.53125
1902,214597.34375
1903,153026.28125
1904,178211.34375
1905,138485.140625
1906,134001.515625
1907,175093.8125
1908,145325.25
1909,175928.421875
1910,171052.71875
1911,156655.953125
1912,221101.484375
1913,199306.9375
1914,133672.96875
1915,115975.2109375
1916,148134.8125
1917,157784.640625
1918,177038.0625
1919,150869.546875
1920,180445.203125
1921,117648.34375
1922,135182.953125
1923,176071.484375
1924,151808.640625
1925,206946.046875
1926,128390.765625
1927,156775.296875
1928,191361.6875
1929,141398.375
1930,298205.53125
1931,175059.109375
1932,182399.859375
1933,198655.28125
1934,110970.1171875
1935,159987.78125
1936,127688.7734375
1937,208035.84375
1938,109810.5859375
1939,197158.71875
1940,133321.609375
1941,113062.5546875
1942,150114.796875
1943,161183.90625
1944,173257.390625
1945,149441.890625
1946,170858.53125
1947,187683.265625
1948,119334.2578125
1949,168114.140625
1950,124274.0625
1951,170581.953125
1952,330543.78125
1953,179449.921875
1954,128166.7109375
1955,148809.3125
1956,218718.375
1957,183309.71875
1958,179844.921875
1959,186200.71875
1960,107232.9765625
1961,179061.15625
1962,176010.0625
1963,167056.015625
1964,144529.21875
1965,122335.859375
1966,89239.0703125
1967,153462.859375
1968,185612.65625
1969,184478.109375
1970,161188.484375
1971,157319.28125
1972,226781.34375
1973,228603.984375
1974,132946.859375
1975,179113.140625
1976,110588.390625
1977,163127.671875
1978,201944.703125
1979,122173.6953125
1980,151431.453125
1981,176110.765625
1982,112963.1328125
1983,189625
1984,189310.859375
1985,132626.171875
1986,249407.953125
1987,135015.984375
1988,190139.84375
1989,160538.53125
1990,171714
1991,133723.828125
1992,142372.71875
1993,167386.71875
1994,141277.09375
1995,171829.640625
1996,262620.1875
1997,165226.96875
1998,216660.375
1999,152864.953125
2000,171295.34375
2001,232107.375
2002,272037.78125
2003,275401.34375
2004,120716.390625
2005,148267.828125
2006,275590.8125
2007,137586.625
2008,190534.25
2009,184792.375
2010,132979.734375
2011,187118.1875
2012,245516.15625
2013,147626.984375
2014,195904.203125
2015,167659.171875
2016,252933.25
2017,141005.21875
2018,152191.140625
2019,187433.4375
2020,163280.125
2021,121257.6953125
2022,141281.28125
2023,182288.59375
2024,210894.640625
2025,284608.0625
2026,184336.078125
2027,180297.96875
2028,137007.9375
2029,147229.390625
2030,113243.609375
2031,154750.078125
2032,239042.984375
2033,326891.59375
2034,203951.53125
2035,164809.25
2036,172015.6875
2037,163922.578125
2038,125672.109375
2039,126016.796875
2040,129645.2734375
2041,100123.078125
2042,211782.953125
2043,182724.546875
2044,154841.625
2045,179727.15625
2046,145581.875
2047,142402.96875
2048,150234.828125
2049,164045.546875
2050,127681.7890625
2051,228664.046875
2052,138170.671875
2053,259938
2054,201396.078125
2055,240815.15625
2056,230495.78125
2057,151597.640625
2058,139717.015625
2059,156894.046875
2060,185550.421875
2061,194970.5625
2062,194989.765625
2063,168296.75
2064,157376.609375
2065,169617.03125
2066,152119.25
2067,199616.140625
2068,202617.59375
2069,114467.21875
2070,186081.625
2071,174904.6875
2072,228914.453125
2073,149555.546875
2074,130471.4921875
2075,150877.015625
2076,156004.84375
2077,196699.5
2078,156357.28125
2079,136655.046875
2080,212634.0625
2081,153718.9375
2082,195661.09375
2083,176176.515625
2084,289221.375
2085,218845.84375
2086,199861
2087,198040.765625
2088,151429.328125
2089,155602.171875
2090,218300.46875
2091,125486.078125
2092,218331.796875
2093,118601.6328125
2094,193771.0625
2095,148006.34375
2096,141826.265625
2097,157945
2098,168787.34375
2099,148659.4375
2100,197591
2101,149822.9375
2102,214526.8125
2103,230459.40625
2104,166685.90625
2105,185829.421875
2106,266668.90625
2107,173759.890625
2108,187887.65625
2109,213042.171875
2110,205599.5
2111,119809.7734375
2112,160536.015625
2113,141060.40625
2114,124776.375
2115,252492.765625
2116,124732.296875
2117,208952.953125
2118,150384.21875
2119,143662.15625
2120,189100.078125
2121,140928.53125
2122,137894.71875
2123,140976.828125
2124,190479.53125
2125,173661.765625
2126,257997.53125
2127,110583.6484375
2128,200474.96875
2129,209905.1875
2130,196450.328125
2131,164618.015625
2132,142684.8125
2133,230975.5625
2134,189613.65625
2135,192118.25
2136,240201.796875
2137,152030.3125
2138,176116.765625
2139,188509.9375
2140,156051.390625
2141,212693.359375
2142,205001.671875
2143,184483.609375
2144,175278.046875
2145,190878.5625
2146,158021.0625
2147,180454.734375
2148,241834.078125
2149,152727.09375
2150,229986.28125
2151,175406.0625
2152,153218.578125
2153,177055.234375
2154,203653.46875
2155,152295.296875
2156,187661.140625
2157,192191.375
2158,181321.5625
2159,218108.8125
2160,127583.9765625
2161,125976.65625
2162,239936.75
2163,149326.8125
2164,118847.609375
2165,186426.859375
2166,175493.015625
2167,166794.96875
2168,154064.953125
2169,196715.234375
2170,245960.734375
2171,175540.265625
2172,221334.171875
2173,183963.0625
2174,112055.7109375
2175,153459.328125
2176,128762.125
2177,186275.21875
2178,165583.03125
2179,184695.21875
2180,175657.265625
2181,184071.453125
2182,141828.25
2183,185302.8125
2184,193759.546875
2185,173220.265625
2186,108313.09375
2187,225462.4375
2188,160634.984375
2189,170443.53125
2190,162935.625
2191,195876.890625
2192,158182.578125
2193,137133.625
2194,228365.75
2195,142445.5625
2196,194957.25
2197,162397.296875
2198,161279.765625
2199,211618.578125
2200,230244.796875
2201,187219.609375
2202,155773.859375
2203,172910.15625
2204,160460.859375
2205,145734.84375
2206,164568.484375
2207,185906.640625
2208,135099.515625
2209,153793
2210,147864.171875
2211,183116.09375
2212,259174.4375
2213,180060.875
2214,150958.65625
2215,205290.984375
2216,182411.640625
2217,177783.515625
2218,182039.109375
2219,137461.1875
2220,125270.9609375
2221,153913.953125
2222,199088.8125
2223,148280.1875
2224,217452.8125
2225,145211
2226,180753.96875
2227,210469.34375
2228,111078.625
2229,177404.46875
2230,196490.046875
2231,248394.5
2232,130228.390625
2233,174355.9375
2234,197283.34375
2235,165074.15625
2236,151133.46875
2237,240178.296875
2238,140360.5625
2239,130642.1875
2240,175727.09375
2241,132304.109375
2242,247697.40625
2243,183427.484375
2244,140404.328125
2245,172819.421875
2246,151035.921875
2247,190373.984375
2248,153002.3125
2249,223241.25
2250,222750.09375
2251,147218.984375
2252,166985.4375
2253,119073.8125
2254,231429.296875
2255,113576.0625
2256,198560.421875
2257,223906.90625
2258,185240.734375
2259,171336.09375
2260,182209.109375
2261,156898.421875
2262,201187.40625
2263,225738.53125
2264,199951.046875
2265,139551.234375
2266,198723.453125
2267,190041.375
2268,178100.015625
2269,173756.15625
2270,191047.078125
2271,155095.546875
2272,169762.875
2273,135848
2274,193505.90625
2275,158871.78125
2276,189707.875
2277,128291.65625
2278,180899.21875
2279,164066.15625
2280,175099.75
2281,169861.203125
2282,139923.953125
2283,224677.3125
2284,311424.1875
2285,180526.921875
2286,108298.8671875
2287,161887.625
2288,168453.765625
2289,169912.390625
2290,225081.40625
2291,192766.5
2292,249173.890625
2293,230962.265625
2294,154376.984375
2295,217875.125
2296,114378.21875
2297,141388.640625
2298,174328.515625
2299,158478.6875
2300,135145.671875
2301,161765.46875
2302,130974.46875
2303,257420.8125
2304,233137.484375
2305,196107.828125
2306,185673.640625
2307,187835.625
2308,168626.078125
2309,183953.21875
2310,125323.8671875
2311,231560.5625
2312,212060.625
2313,208321.703125
2314,194291.234375
2315,122656.1640625
2316,186076.03125
2317,115264.453125
2318,212200.765625
2319,200194.875
2320,137002.765625
2321,173090.46875
2322,127657.171875
2323,149418.671875
2324,124819.609375
2325,181686.953125
2326,172309.21875
2327,285893.6875
2328,207457.703125
2329,171848.84375
2330,214285.734375
2331,164138.234375
2332,158989.0625
2333,153791.421875
2334,195063.71875
2335,111672.859375
2336,208371.234375
2337,120241.6796875
2338,128837.359375
2339,124232.5625
2340,337599.3125
2341,161313.71875
2342,161908.140625
2343,167484.296875
2344,184381.3125
2345,176181.265625
2346,224294.90625
2347,212653
2348,149641.90625
2349,177063.703125
2350,168378.40625
2351,186565.421875
2352,127580.828125
2353,262558.4375
2354,177229.625
2355,160845.0625
2356,140437.5
2357,152244.0625
2358,221325.6875
2359,140672.59375
2360,143419.328125
2361,127646.1484375
2362,214376.921875
2363,178449.25
2364,156093.921875
2365,141513.15625
2366,177384.484375
2367,175356.578125
2368,147145.390625
2369,135706.6875
2370,143449.25
2371,175379.625
2372,202321.40625
2373,120683.84375
2374,159484.078125
2375,142376.265625
2376,171363.421875
2377,222007.875
2378,149047.296875
2379,89725.8828125
2380,200624.859375
2381,185289.0625
2382,184168.65625
2383,165673.890625
2384,144539.921875
2385,129414.015625
2386,231680.1875
2387,113705.5234375
2388,176966.21875
2389,149512.5
2390,130430.6640625
2391,113635.9921875
2392,198613.703125
2393,155384.5625
2394,145934.328125
2395,138601.53125
2396,212636.453125
2397,231574.46875
2398,178987.0625
2399,203028.59375
2400,168179.09375
2401,174883.90625
2402,163943.765625
2403,153003.5
2404,184941.421875
2405,198985.5
2406,161679.921875
2407,133125.453125
2408,123317.1953125
2409,200093.796875
2410,158499.03125
2411,162069
2412,185668.5625
2413,108234.7578125
2414,161099.34375
2415,197109.984375
2416,160065.96875
2417,169627.53125
2418,146816.828125
2419,244212.140625
2420,186435.90625
2421,130740.90625
2422,138193.859375
2423,182560.15625
2424,154063.53125
2425,144829.859375
2426,178601.375
2427,197253.578125
2428,156069.078125
2429,143694.5
2430,199132.125
2431,177982.984375
2432,115743.296875
2433,158016.25
2434,181307.375
2435,165761.015625
2436,199528.28125
2437,130182.6796875
2438,215900.765625
2439,152439.34375
2440,119270.984375
2441,137041.125
2442,159400.140625
2443,164840.984375
2444,113070.3203125
2445,156223.09375
2446,251400.734375
2447,172193.296875
2448,214113.8125
2449,152367.3125
2450,126437.1015625
2451,190006.46875
2452,238031.234375
2453,264119.03125
2454,179463.078125
2455,122005.7890625
2456,100953.875
2457,138063.09375
2458,134207.953125
2459,153567.46875
2460,216877.125
2461,131199.984375
2462,204144.609375
2463,133349.6875
2464,170047.96875
2465,173500.796875
2466,83056.328125
2467,127592.890625
2468,151225.359375
2469,122524.4609375
2470,174958.375
2471,155177.1875
2472,189982.171875
2473,207381.828125
2474,119137.0390625
2475,140320.515625
2476,169028.609375
2477,192642.5
2478,156611.203125
2479,173417.828125
2480,212137.109375
2481,141961.078125
2482,215971.28125
2483,177570.03125
2484,177955.0625
2485,231581.515625
2486,201708.9375
2487,166765.203125
2488,164395.328125
2489,157452.046875
2490,192532.53125
2491,217421.828125
2492,163749.5
2493,309808.125
2494,177018.6875
2495,122096.6953125
2496,161304.234375
2497,159987.484375
2498,163584.578125
2499,123454.84375
2500,116742.5
2501,131324.265625
2502,178527.125
2503,153254.078125
2504,180705.46875
2505,216189.203125
2506,169100.328125
2507,222158.75
2508,162355.34375
2509,171236.140625
2510,186948.671875
2511,170915.5625
2512,208493.5
2513,111665.453125
2514,156831.734375
2515,147505.515625
2516,159362.421875
2517,149153.109375
2518,253813.578125
2519,239869.890625
2520,146936.46875
2521,181338.609375
2522,171310.015625
2523,151709.140625
2524,238846.5
2525,159318.453125
2526,181558.125
2527,244406.09375
2528,202135.71875
2529,174509.796875
2530,153867.3125
2531,128334.8984375
2532,208975.390625
2533,161284.3125
2534,182774.78125
2535,189668.515625
2536,221994.078125
2537,185788.21875
2538,136072.71875
2539,164930.203125
2540,139094.328125
2541,144916.984375
2542,170674.46875
2543,178006.328125
2544,186612.9375
2545,172019.890625
2546,164191.25
2547,182079.546875
2548,151877.296875
2549,154264.078125
2550,176043.6875
2551,136526
2552,163312.953125
2553,131644.6875
2554,157596.390625
2555,176525.453125
2556,121848.09375
2557,154860.109375
2558,151369.34375
2559,163476.453125
2560,130391.28125
2561,178289.546875
2562,202405.296875
2563,166359.921875
2564,216063.390625
2565,115883.6875
2566,130822.046875
2567,147691.234375
2568,116137.7734375
2569,214937.796875
2570,159218.8125
2571,197384.203125
2572,124222.8984375
2573,148787.1875
2574,222847.109375
2575,105458.53125
2576,137792.3125
2577,136145.015625
2578,188368.78125
2579,183815.359375
2580,163496.640625
2581,176419.015625
2582,214735.484375
2583,160225.515625
2584,155009.984375
2585,157475.09375
2586,123900.5625
2587,162029.78125
2588,180963.1875
2589,144066.171875
2590,170549.078125
2591,154756.109375
2592,127993.265625
2593,228803.109375
2594,209103.78125
2595,147981.0625
2596,179834.75
2597,161772.78125
2598,163015.84375
2599,176829.6875
2600,136663.359375
2601,198943.140625
2602,130529.6640625
2603,151194.25
2604,183576.140625
2605,157737.09375
2606,161738.515625
2607,190327.578125
2608,215480.828125
2609,219061.40625
2610,265215.6875
2611,171454.125
2612,117984.484375
2613,174704.859375
2614,160747.5
2615,172443.796875
2616,152115.203125
2617,133228.71875
2618,164199.234375
2619,167008.953125
2620,129126.1015625
2621,140013.53125
2622,207418.5625
2623,168636.515625
2624,247369.984375
2625,212450.203125
2626,133835.890625
2627,278147.90625
2628,110236.0390625
2629,170706.921875
2630,176558.53125
2631,197453.546875
2632,220952.296875
2633,143681.609375
2634,188931.4375
2635,136382.515625
2636,163262.390625
2637,132734.984375
2638,147912.046875
2639,164711.9375
2640,154147.453125
2641,179137.078125
2642,145760.015625
2643,185475.109375
2644,161178.5625
2645,219995.84375
2646,152290.53125
2647,216222.546875
2648,157994.1875
2649,200660.171875
2650,172343.671875
2651,182796.8125
2652,174795.734375
2653,186789.203125
2654,198570.78125
2655,149403.03125
2656,143643.484375
2657,207090.171875
2658,176592.390625
2659,202206.28125
2660,165962.671875
2661,178013.1875
2662,202668.515625
2663,131112.125
2664,211728.609375
2665,206769.734375
2666,148087.40625
2667,157555.28125
2668,143993.28125
2669,239335.875
2670,145884.046875
2671,123429.390625
2672,136229.203125
2673,186706.96875
2674,128935.09375
2675,135595.5
2676,164061.109375
2677,203886.59375
2678,177377.9375
2679,248257.453125
2680,176789.328125
2681,143023.890625
2682,194023.390625
2683,151476.375
2684,100893.234375
2685,128861.7109375
2686,178190.6875
2687,201602.28125
2688,213386.578125
2689,173601.859375
2690,123677.3203125
2691,135488.375
2692,121014.1875
2693,132645.21875
2694,193946.296875
2695,189305.859375
2696,157020.53125
2697,233845.015625
2698,159759.9375
2699,163644.578125
2700,262859.375
2701,154784.28125
2702,135945.484375
2703,135880.375
2704,222477.375
2705,190067.1875
2706,228571.9375
2707,130032.546875
2708,162389.65625
2709,160671.390625
2710,141442.34375
2711,228058.75
2712,131039.1953125
2713,204586.390625
2714,189010.8125
2715,170675.203125
2716,169077.453125
2717,124828.5
2718,169835.953125
2719,164822.09375
2720,172139.59375
2721,207333.546875
2722,141363.015625
2723,191142.546875
2724,181295.390625
2725,166527.453125
2726,192964.203125
2727,205167.5
2728,345604.28125
2729,135416.59375
2730,234465.765625
2731,157820.703125
2732,270547.5625
2733,171314.921875
2734,237413.75
2735,142917.59375
2736,154345.109375
2737,176623.296875
2738,146946.578125
2739,155426.1875
2740,179645.703125
2741,132312.265625
2742,167044.328125
2743,129818.046875
2744,121437.9609375
2745,168865.875
2746,195507.578125
2747,179775.515625
2748,180008.171875
2749,217080.546875
2750,137676.875
2751,186574.671875
2752,116051.578125
2753,179796.234375
2754,125919.90625
2755,160008.703125
2756,258990.296875
2757,168303.625
2758,145981.765625
2759,180002.65625
2760,164245.96875
2761,165623.203125
2762,171149.6875
2763,105961.8046875
2764,178935.59375
2765,156417.484375
2766,152104.890625
2767,247861.9375
2768,148357.09375
2769,193290.171875
2770,166001.5
2771,172968.265625
2772,167207.46875
2773,182980.71875
2774,161898.921875
2775,132673.890625
2776,120661.53125
2777,177204.84375
2778,185802.328125
2779,146411.578125
2780,140962.453125
2781,186772.671875
2782,120478.3046875
2783,131449.3125
2784,161955.90625
2785,151746.265625
2786,217183.359375
2787,169561.578125
2788,167889.21875
2789,244668.703125
2790,193181.609375
2791,114294.9453125
2792,158582.6875
2793,184599.125
2794,164714.15625
2795,145505.84375
2796,259668.1875
2797,127462.453125
2798,183167.15625
2799,171138.71875
2800,195913.625
2801,153706.625
2802,139051.625
2803,210464.5
2804,204857.65625
2805,151411.953125
2806,118513.2421875
2807,206814.421875
2808,163504.140625
2809,129865.828125
2810,132605.421875
2811,170424.40625
2812,234547.8125
2813,194397.078125
2814,179020.015625
2815,233298.078125
2816,172765.203125
2817,241400.75
2818,148122.109375
2819,148094.21875
2820,327681.15625
2821,157860.9375
2822,166905.828125
2823,152378.1875
2824,212126.953125
2825,166783.109375
2826,131341.046875
2827,119937.0234375
2828,155336.234375
2829,135733.578125
2830,209976.65625
2831,172058.703125
2832,144410.609375
2833,155715.578125
2834,195519.8125
2835,149674.265625
2836,205648.546875
2837,261071.125
2838,168920.609375
2839,177602.0625
2840,139581.234375
2841,131519.703125
2842,178234.5625
2843,168374.640625
2844,197913.46875
2845,119790
2846,249283.390625
2847,197117.875
2848,205958.21875
2849,107898.7421875
2850,182738.09375
2851,148067.1875
2852,123738.0234375
2853,181072.03125
2854,183479.75
2855,168307.09375
2856,278243.59375
2857,159772.84375
2858,225415.0625
2859,134427.3125
2860,164960.5625
2861,174420.03125
2862,174335.46875
2863,153577.28125
2864,199949.671875
2865,252908.234375
2866,185411.4375
2867,150764.25
2868,173047.625
2869,120479.4296875
2870,145465.671875
2871,166125.03125
2872,168652.21875
2873,135536.4375
2874,138835.4375
2875,235892.84375
2876,131633.578125
2877,142357.03125
2878,148355.90625
2879,155195.078125
2880,237003.84375
2881,119567.859375
2882,148787.59375
2883,218992.546875
2884,243576.09375
2885,125164.0625
2886,205341.34375
2887,201748.671875
2888,204102.21875
2889,137200.4375
2890,143038.71875
2891,147383.5625
2892,161217.921875
2893,224970.875
2894,136201.15625
2895,204833.46875
2896,157238.859375
2897,134157.25
2898,197448.765625
2899,197667.6875
2900,141981.59375
2901,142953.421875
2902,151755.28125
2903,329642.21875
2904,184861.421875
2905,148781.15625
2906,234587.484375
2907,140199.53125
2908,198459.765625
2909,187015.28125
2910,193974.328125
2911,161942.65625
2912,146854.453125
2913,196399.109375
2914,201568.46875
2915,155157.8125
2916,236402.203125
2917,164042.953125
2918,128178.109375
2919,175357.6875
2920,188785
2921,271499.875
2922,233112.625
2923,197055.5
2924,174337.453125
2925,218425.171875
2926,173510.34375
2927,130858.15625
2928,194498.484375
2929,133438.390625
2930,157310.9375
2931,183847.515625
2932,230634.59375
2933,161613.125
2934,214750.453125
2935,129797.6484375
2936,228743.34375
2937,192621.1875
2938,151461.765625
2939,156446.46875
2940,225923.359375
2941,170610.84375
2942,167422.53125
2943,164791.265625
2944,191062.640625
2945,199089.390625
2946,166524.9375
2947,168474.15625
2948,147642.625
2949,161211.625
2950,128010.609375
2951,135441.359375
2952,149470.921875
2953,188693.578125
2954,196704.078125
2955,196991.140625
2956,263803.625
2957,157108.8125
2958,278394.4375
2959,167634.40625
2960,121556.875
2961,155639.75
2962,150908.171875
2963,182788.921875
2964,310209.1875
2965,122773.515625
2966,168177.4375
2967,134614.140625
2968,156040.234375
2969,282158.125
2970,160449.125
2971,155063.546875
2972,207476.09375
2973,202019.4375
2974,179182.546875
2975,180730.75
2976,197182.859375
2977,172565.015625
2978,164987.578125
2979,179540.578125
2980,140223.703125
2981,159772.625
2982,142661.734375
2983,226535.09375
2984,123328.7734375
2985,139670.234375
2986,136750.625
2987,163519.421875
2988,131289.65625
2989,130301.40625
2990,142836.765625
2991,159018.234375
2992,142054.0625
2993,127673.9296875
2994,170914.265625
2995,243356.34375
2996,175769.65625
2997,127262.859375
2998,141565.5625
2999,162434.484375
3000,136045.546875
3001,186588.265625
3002,172536.78125
3003,155362.125
3004,146953.625
3005,195352.125
3006,204579.296875
3007,116461.4921875
3008,145613.21875
3009,179743.109375
3010,188200.75
3011,188807.78125
3012,114113.8984375
3013,113358.296875
3014,309727.71875
3015,116470.3125
3016,209627.515625
3017,172238.421875
3018,178680.25
3019,153743.5
3020,199589.59375
3021,135067.125
3022,181655.53125
3023,121284.6015625
3024,144678.203125
3025,145777.78125
3026,136494.5
3027,119953.375
3028,146559.15625
3029,155166.5625
3030,150540.234375
3031,157359.671875
3032,256889.140625
3033,235141.90625
3034,131364.796875
3035,111711.1328125
3036,197766.84375
3037,103504.703125
3038,175173.59375
3039,139089.578125
3040,164814.109375
3041,149183.3125
3042,197214.875
3043,146837.65625
3044,158112.46875
3045,174651.53125
3046,169701.171875
3047,169785.703125
3048,187709.890625
3049,136716.734375
3050,202515.109375
3051,181130.140625
3052,185156.5
3053,148515.28125
3054,194734.078125
3055,153946.96875
3056,176164.671875
3057,220031.75
3058,161575.6875
3059,206774.84375
3060,181448.078125
3061,227921.140625
3062,137628.609375
3063,175872.28125
3064,233777
3065,190229.125
3066,134325.65625
3067,122680.6171875
3068,146088.71875
3069,223676.421875
3070,152533.78125
3071,182967.59375
3072,177838.703125
3073,182441.546875
3074,157822.8125
3075,175532.109375
3076,131570.5625
3077,100110.7109375
3078,140475.953125
3079,117989.6796875
3080,133841.75
3081,137613.265625
3082,146647.125
3083,178362.9375
3084,229944.484375
3085,220021.0625
3086,213296.5625
3087,125532.4609375
3088,153688.296875
3089,203012.625
3090,163718.015625
3091,140807.15625
3092,102313.515625
3093,200567.390625
3094,175162.96875
3095,165421.4375
3096,155237.890625
3097,145441
3098,178474.1875
3099,116465.578125
3100,130704.1015625
3101,148985.28125
3102,171898.96875
3103,141029.28125
3104,139134.078125
3105,189013.78125
3106,171364.6875
3107,187551.5625
3108,155758.375
3109,125939.21875
3110,143738.390625
3111,184049.546875
3112,204009.84375
3113,132433.71875
3114,261877.453125
3115,185740.859375
3116,135329.78125
3117,151943
3118,178701.1875
3119,185162.03125
3120,128419.109375
3121,178200.703125
3122,180638.140625
3123,217478.734375
3124,173750.65625
3125,176282.71875
3126,200381.265625
3127,150287.234375
3128,186500.109375
3129,121738.8671875
3130,165770.1875
3131,192140.0625
3132,182919.34375
3133,161629.28125
3134,192644.234375
3135,146529.734375
3136,124602.6015625
3137,255289.59375
3138,154354.046875
3139,148333.8125
3140,164047.484375
3141,170316.59375
3142,172936.96875
3143,201434.75
3144,213673.90625
3145,236445.4375
3146,159668.828125
3147,138224.359375
3148,136047.171875
3149,129580.640625
3150,211966.046875
3151,176185.203125
3152,225880.328125
3153,216015.046875
3154,171807.28125
3155,172985.890625
3156,173664.5
3157,193075.859375
3158,229371.125
3159,154989.90625
3160,181751.1875
3161,221050.375
3162,149036.90625
3163,273386.84375
3164,198804.109375
3165,172193.84375
3166,212573.703125
3167,208580.640625
3168,160858.75
3169,139994.28125
3170,126301.2421875
3171,131079.421875
3172,161478.421875
3173,211174.65625
3174,218391.03125
3175,143679.296875
3176,192955.1875
3177,279062.84375
3178,204417.5625
3179,193317.078125
3180,186386.421875
3181,168042.984375
3182,168520.109375
3183,158045.46875
3184,160900.109375
3185,303748.5625
3186,192976.328125
3187,191400.96875
3188,135397.515625
3189,156073.90625
3190,140640.109375
3191,193968.546875
3192,129188.5
3193,161836.59375
3194,154877.5625
3195,178078.6875
3196,240226.09375
3197,174065.078125
3198,135567
3199,178614.34375
3200,226260.71875
3201,136451.375
3202,193726.875
3203,160224.421875
3204,162393.8125
3205,119663.484375
3206,164558.125
3207,143306.125
3208,104489.84375
3209,170981.671875
3210,155894.953125
3211,181783.90625
3212,176750.859375
3213,150743.84375
3214,182885.75
3215,180691.59375
3216,166624.5
3217,252673.1875
3218,205180.640625
3219,124003.1953125
3220,117939.25
3221,125971.03125
3222,174087.203125
3223,191781.328125
3224,147689.171875
3225,179358.171875
3226,132671.09375
3227,154008.09375
3228,255826.890625
3229,126634.6484375
3230,260956.421875
3231,155494.390625
3232,176455.703125
3233,154638.71875
3234,143318.28125
3235,162094.765625
3236,175463.71875
3237,170367.796875
3238,183090.5
3239,169474.5625
3240,146503.3125
3241,172088.546875
3242,120475.6171875
3243,114167.8203125
3244,120051.8359375
3245,238045.40625
3246,265707
3247,201151.015625
3248,163897.421875
3249,165535.109375
3250,198433.28125
3251,273582.46875
3252,191063.21875
3253,118364.7265625
3254,156815.578125
3255,199781.984375
3256,205485.75
3257,314978.90625
3258,205992.21875
3259,197338.8125
3260,180685.84375
3261,206183.015625
3262,291798.6875
3263,132478.859375
3264,172939.90625
3265,166996.328125
3266,188075.4375
3267,131907.375
3268,109867.7890625
3269,171793.546875
3270,237357.859375
3271,194054.78125
3272,145481.5
3273,173058.796875
3274,139669.171875
3275,220027.4375
3276,197841.59375
3277,171532.46875
3278,153536.296875
3279,221638.421875
3280,179535.796875
3281,210307.453125
3282,193830.578125
3283,164805.515625
3284,186224.9375
3285,133076.203125
3286,189299.765625
3287,155580.046875
3288,149006.453125
3289,196209.71875
3290,145577.515625
3291,214963
3292,169172.40625
3293,139001.71875
3294,162595.71875
3295,157442.109375
3296,136038.546875
3297,190509.171875
3298,152778.84375
3299,178519.53125
3300,176287.140625
3301,132395.453125
3302,140959.65625
3303,247402.453125
3304,148219.71875
3305,164406.53125
3306,162582.515625
3307,154549.921875
3308,194806.9375
3309,202287.484375
3310,171044.046875
3311,251874.8125
3312,153562.203125
3313,182596.28125
3314,162203.40625
3315,166161.953125
3316,239131.765625
3317,192083.78125
3318,200967.890625
3319,120816.7109375
3320,233075.15625
3321,244654.046875
3322,146922.859375
3323,122246.171875
3324,221915
3325,137508.328125
3326,192110.375
3327,295581.59375
3328,132254.53125
3329,255452.125
3330,176200.328125
3331,202457.734375
3332,170217.015625
3333,142859.453125
3334,147161.359375
3335,179622.796875
3336,139473.5
3337,141999.984375
3338,184371.953125
3339,158644.0625
3340,180883.4375
3341,247206.65625
3342,153536.828125
3343,159106.625
3344,168220.625
3345,129962.2578125
3346,215450.71875
3347,131059.4140625
3348,211716.640625
3349,218288.265625
3350,133260.96875
3351,224854.515625
3352,164591.140625
3353,113111.015625
3354,174954.984375
3355,156679.71875
3356,127447.6953125
3357,148495.015625
3358,200178.953125
3359,203013.4375
3360,162221.96875
3361,166795.953125
3362,202015.84375
3363,186487.5625
3364,206209.546875
3365,217845.71875
3366,122091.7421875
3367,183450.34375
3368,167634
3369,172747.65625
3370,185992.03125
3371,125221.6796875
3372,98803.7578125
3373,245372.953125
3374,162191.734375
3375,102552.65625
3376,183519.90625
3377,195855.3125
3378,153597.75
3379,135602.421875
3380,180457.84375
3381,103050.8203125
3382,159253.953125
3383,186387.09375
3384,248758.40625
3385,122785.21875
3386,199174.9375
3387,123153.4453125
3388,102501.375
3389,157093.453125
3390,177756.21875
3391,183954.125
3392,112725.9921875
3393,106824.4765625
3394,180399.109375
3395,170249.171875
3396,179769.296875
3397,138460.984375
3398,194855.078125
3399,173797.953125
3400,127490.4921875
3401,176026.78125
3402,156928.75
3403,153127.578125
3404,216044.75
3405,176991.984375
3406,162500.71875
3407,153302.375
3408,164212.84375
3409,271315.6875
3410,166779.65625
3411,297451.75
3412,154671.109375
3413,202343.515625
3414,181318.5625
3415,164926.453125
3416,178791.359375
3417,158990.3125
3418,157222.84375
3419,165179.984375
3420,155466.203125
3421,164845.109375
3422,185108.5
3423,162617.046875
3424,191906.5
3425,178685.296875
3426,126890.8359375
3427,176539.78125
3428,178854.375
3429,167884.65625
3430,192809.171875
3431,140896.859375
3432,169049.4375
3433,159447.125
3434,204330.359375
3435,173215.8125
3436,118700.5
3437,166287.171875
3438,97927.203125
3439,181045.625
3440,187786
3441,127499.765625
3442,163597.78125
3443,208946.734375
3444,118246.6640625
3445,273049.0625
3446,183472.609375
3447,240019.796875
3448,155259.890625
3449,132298.140625
3450,186382.046875
3451,145270.859375
3452,144881.140625
3453,193675.125
3454,140265.875
3455,132103.0625
3456,208804.828125
3457,196327.21875
3458,202413.03125
3459,116095.15625
3460,152327.71875
3461,163689.640625
3462,133489.578125
3463,184762.515625
3464,165526.5
3465,142230.046875
3466,195129.25
3467,184657.171875
3468,166595.703125
3469,145623.953125
3470,132872.8125
3471,120604.9453125
3472,223550.109375
3473,234316.515625
3474,210877.515625
3475,143559.140625
3476,122057.2421875
3477,140229.28125
3478,135475.671875
3479,205529.796875
3480,124384.3515625
3481,272728.625
3482,177976.03125
3483,158710.140625
3484,121331.6640625
3485,180863.015625
3486,214766.359375
3487,140814.984375
3488,127381.453125
3489,182185.15625
3490,175397.140625
3491,171981.453125
3492,166071.21875
3493,121483.125
3494,225921.9375
3495,193929.5625
3496,202015.046875
3497,156856.46875
3498,214021.75
3499,186315.328125
3500,118080.84375
3501,175660.28125
3502,143132.453125
3503,145079.359375
3504,185965.390625
3505,187181.125
3506,182721.75
3507,155882.203125
3508,189725.46875
3509,145148.625
3510,215503
3511,140208.5
3512,121533.8203125
3513,158817.671875
3514,105300.6953125
3515,159938.625
3516,189161.34375
3517,192612.46875
3518,169143.40625
3519,175837.28125
3520,166819.84375
3521,168673.875
3522,201396.21875
3523,197806.5
3524,197281.984375
3525,115133.375
3526,172149.34375
3527,194183.4375
3528,129199.4296875
3529,114799.8828125
3530,274261.15625
3531,151050.65625
3532,177225.671875
3533,185445.125
3534,177934.84375
3535,180286.984375
3536,195304.484375
3537,156930.46875
3538,131466.265625
3539,134923.5625
3540,147231.09375
3541,173906.890625
3542,240801.84375
3543,133082.265625
3544,176640.828125
3545,208206.421875
3546,153851.96875
3547,186393.484375
3548,154705.234375
3549,173082.125
3550,195221.1875
3551,282287.15625
3552,142423.609375
3553,162931.5
3554,157953.265625
3555,194496
3556,238040.28125
3557,139394.328125
3558,153829.71875
3559,185795.921875
3560,108996.3828125
3561,161161.015625
3562,146551.8125
3563,136084.375
3564,158001.609375
3565,195927.984375
3566,119234.0859375
3567,144016.875
3568,176679.953125
3569,112965.65625
3570,140313.859375
3571,153353.84375
3572,188123.171875
3573,175270.328125
3574,197915.234375
3575,156839.09375
3576,144918.484375
3577,140840.984375
3578,167399.09375
3579,155777.734375
3580,260988.46875
3581,191746.71875
3582,225458.4375
3583,171354.828125
3584,215260.625
3585,206158
3586,164094.5625
3587,142985.625
3588,163690.609375
3589,177171.625
3590,114011.765625
3591,252969.3125
3592,211812.515625
3593,144415.109375
3594,175628.96875
3595,145194.453125
3596,149619.703125
3597,187925.96875
3598,275185.21875
3599,164127.046875
3600,234137.3125
3601,115117.1328125
3602,142341.578125
3603,167576.765625
3604,140434.765625
3605,221355.5
3606,150182.4375
3607,245103
3608,104644.359375
3609,243682.578125
3610,152218.09375
3611,178425.03125
3612,204565.28125
3613,216166.890625
3614,187487.5
3615,167453.890625
3616,160113.5625
3617,217327.25
3618,190076.953125
3619,121545.5859375
3620,193806.015625
3621,141276.75
3622,191870.078125
3623,161463.59375
3624,210340.859375
3625,195283.8125
3626,188747.5625
3627,155886.859375
3628,128594.203125
3629,140612.84375
3630,167974.734375
3631,156749.390625
3632,143779.203125
3633,144936.484375
3634,161868.15625
3635,172995.125
3636,151348.140625
3637,208031.53125
3638,109904.65625
3639,138817.28125
3640,154452.578125
3641,149713.984375
3642,141840.328125
3643,167223.234375
3644,120725.7265625
3645,183465.59375
3646,152104.375
3647,238948.5625
3648,128415.9453125
3649,225882.625
3650,145597.359375
3651,122392.5859375
3652,158696.09375
3653,150285.171875
3654,139156.96875
3655,162789.515625
3656,144807.734375
3657,231269.359375
3658,151521.015625
3659,230297.90625
3660,108614.890625
3661,255401.34375
3662,191471.953125
3663,138375.015625
3664,175567.40625
3665,138594.125
3666,189319.546875
3667,221758.453125
3668,176562.6875
3669,152970.71875
3670,183867.53125
3671,152354.890625
3672,211577.5625
3673,226404.328125
3674,169634
3675,133980.859375
3676,168718.078125
3677,150046.09375
3678,181057.109375
3679,189114.78125
3680,255108.40625
3681,190199.375
3682,158001.171875
3683,169542.5
3684,164266.21875
3685,153569.609375
3686,144390.3125
3687,256257.09375
3688,146788.015625
3689,123186.96875
3690,251039.390625
3691,157843.578125
3692,121939.078125
3693,198572.21875
3694,161505.078125
3695,150637.78125
3696,253796.84375
3697,105009.6953125
3698,148510.640625
3699,206699.40625
3700,172339.28125
3701,230614.765625
3702,165169.921875
3703,168013.03125
3704,173509.59375
3705,237347.75
3706,135391.328125
3707,180578.5625
3708,159383.609375
3709,188677.75
3710,122263.453125
3711,138378.25
3712,163769.625
3713,281027.75
3714,122290.53125
3715,149635.3125
3716,142538.875
3717,247920.90625
3718,139698.375
3719,158963.140625
3720,247537.09375
3721,171264.984375
3722,131505.296875
3723,161048.40625
3724,227749.953125
3725,149530.671875
3726,184899.046875
3727,129423.9375
3728,171843.171875
3729,149167.96875
3730,187165.875
3731,139041.234375
3732,194221.09375
3733,117868.9765625
3734,169784.5
3735,154256.375
3736,188391.6875
3737,158479.109375
3738,219150.328125
3739,132669.671875
3740,162981.078125
3741,126938.3671875
3742,176510.625
3743,141803.25
3744,209907.0625
3745,192371.65625
3746,165645.1875
3747,156702.28125
3748,225460.46875
3749,287666.6875
3750,146917.703125
3751,156208.390625
3752,233075.1875
3753,182052.390625
3754,204342.515625
3755,170271.859375
3756,225546.515625
3757,165451.09375
3758,234333.34375
3759,210918.09375
3760,198671.0625
3761,189595.171875
3762,187141.5625
3763,183186.296875
3764,142653.015625
3765,158991.890625
3766,127956.875
3767,145935.109375
3768,231609.15625
3769,224613.375
3770,147904.5
3771,122900.8984375
3772,124370.7734375
3773,183283.28125
3774,184473.953125
3775,138002.296875
3776,192441.4375
3777,149434.390625
3778,273652.03125
3779,159061.796875
3780,130305.359375
3781,224143.609375
3782,129543.8671875
3783,225839.3125
3784,115765.5859375
3785,171257.640625
3786,100272.3046875
3787,277453.6875
3788,148463.921875
3789,234389.171875
3790,141312.90625
3791,197444.53125
3792,151859.03125
3793,135791.765625
3794,163667
3795,147575.609375
3796,176314.1875
3797,150963.453125
3798,155784.75
3799,148011.59375
3800,198803.515625
3801,133290.109375
3802,249683.515625
3803,170814.75
3804,124459.046875
3805,246431.265625
3806,180426.75
3807,163053.71875
3808,222694.453125
3809,137681.375
3810,131111.265625
3811,194025.421875
3812,195270.1875
3813,168755.109375
3814,150908.578125
3815,155560.0625
3816,135053.25
3817,126919.5
3818,140062.890625
3819,182198.28125
3820,132755.578125
3821,112460.84375
3822,174917.09375
3823,166207.078125
3824,97913.59375
3825,151276.734375
3826,159561.5
3827,154419.09375
3828,189996.921875
3829,159327.59375
3830,142304.5
3831,214915.90625
3832,166943.9375
3833,146427.109375
3834,136135.765625
3835,172602.0625
3836,222220.625
3837,244946.890625
3838,165224.90625
3839,154859.828125
3840,159866.796875
3841,152884.6875
3842,148863.984375
3843,204716.84375
3844,150031.671875
3845,134884.625
3846,140987.140625
3847,263921.53125
3848,119790.5078125
3849,179247.859375
3850,204306.65625
3851,160794.484375
3852,157300.90625
3853,114921.8984375
3854,174007.71875
3855,136584.8125
3856,161285.78125
3857,212103.359375
3858,143933.640625
3859,162497.53125
3860,184302.796875
3861,233928.265625
3862,215190.6875
3863,178689.3125
3864,170544.359375
3865,133365.734375
3866,107049.1640625
3867,161534
3868,251388.625
3869,247595.40625
3870,101457.484375
3871,227536.15625
3872,144482.921875
3873,189436.171875
3874,225463.90625
3875,186851.046875
3876,210546.390625
3877,163107.078125
3878,199925.484375
3879,170046.140625
3880,190548.578125
3881,106306.2890625
3882,164547.703125
3883,160542.1875
3884,188633.953125
3885,207197.921875
3886,171117.25
3887,120922.8828125
3888,167749.40625
3889,185514.703125
3890,201601.84375
3891,144649.96875
3892,185222.125
3893,211461.484375
3894,122345.359375
3895,173310.4375
3896,232190.9375
3897,213635.484375
3898,153581.53125
3899,145252.0625
3900,188735.359375
3901,130739.6484375
3902,138235.328125
3903,178989.765625
3904,231410.078125
3905,179883.921875
3906,164100.53125
3907,127587.3203125
3908,163168.859375
3909,120259.625
3910,189048.25
3911,159225.703125
3912,162075.84375
3913,202072.046875
3914,185343.5625
3915,121528.9453125
3916,109938.265625
3917,132416.953125
3918,154376.890625
3919,153351.109375
3920,241976.328125
3921,196722.671875
3922,240018.21875
3923,137770.90625
3924,163366.734375
3925,114050.6875
3926,184556.40625
3927,93348.828125
3928,157454.84375
3929,173501.53125
3930,185280.59375
3931,147566.84375
3932,125774.3515625
3933,139602.890625
3934,175529.171875
3935,233061.296875
3936,288248.03125
3937,194090.28125
3938,118998.359375
3939,133572.5
3940,202092.140625
3941,187005.25
3942,189779.328125
3943,149046.140625
3944,161664.359375
3945,149458.890625
3946,108754.6328125
3947,144837.4375
3948,213608.65625
3949,188046.875
3950,213104.140625
3951,155317.25
3952,161231.765625
3953,206491.328125
3954,192433.8125
3955,179100.265625
3956,148312.609375
3957,185600.328125
3958,151634.3125
3959,218842.96875
3960,215633.6875
3961,195292.015625
3962,133559.90625
3963,204561.484375
3964,163224.875
3965,183993.09375
3966,135088.421875
3967,162015.234375
3968,189378.78125
3969,186411.046875
3970,185263.765625
3971,159480.0625
3972,130736.015625
3973,156750.125
3974,135239.734375
3975,168480.953125
3976,165115.375
3977,185297.046875
3978,179374.765625
3979,162879.28125
3980,253167.015625
3981,208126.703125
3982,171239.78125
3983,174123.5
3984,175963.421875
3985,135220.453125
3986,242482.609375
3987,110637.8515625
3988,158080.140625
3989,255161.671875
3990,149412.34375
3991,169905.765625
3992,166825.59375
3993,203230.46875
3994,259362.796875
3995,178394.890625
3996,171438.265625
3997,244446.203125
3998,196877.46875
3999,164641.890625
4000,142090.140625
4001,153771.40625
4002,184518.96875
4003,177631.421875
4004,148381.90625
4005,230020.03125
4006,265087.5
4007,207009.796875
4008,161532.890625
4009,190961.78125
4010,212620.609375
4011,173833.15625
4012,150105.203125
4013,180083.546875
4014,168764.265625
4015,164919.1875
4016,125876.3671875
4017,160470.171875
4018,183998.625
4019,120953.6015625
4020,150204.6875
4021,163124
4022,173662.34375
4023,129283.953125
4024,159076.078125
4025,217028.25
4026,282917.15625
4027,187548.796875
4028,167344.96875
4029,281159.96875
4030,278105.59375
4031,205574.78125
4032,145696.953125
4033,177033.453125
4034,210595.859375
4035,246548.328125
4036,117860.28125
4037,118748.4765625
4038,158201.890625
4039,143721.546875
4040,165713.984375
4041,250279.15625
4042,154372.734375
4043,201703.453125
4044,151763.515625
4045,164623.578125
4046,180255.640625
4047,141340.140625
4048,137632
4049,178697.421875
4050,173156.140625
4051,155533.015625
4052,160141.296875
4053,169153.546875
4054,187186.375
4055,133884.21875
4056,204158.71875
4057,185190.640625
4058,154089.65625
4059,160244.8125
4060,193772.484375
4061,218602.296875
4062,231775.125
4063,153665.3125
4064,101468.125
4065,235876.84375
4066,128008.8828125
4067,190817.890625
4068,135627.046875
4069,138763.640625
4070,135892.25
4071,175558.90625
4072,134540.484375
4073,210802.84375
4074,147142.671875
4075,128538.953125
4076,241140.5625
4077,213662.765625
4078,213601.4375
4079,178612.90625
4080,209529.34375
4081,241155.8125
4082,176625.390625
4083,153055.453125
4084,128133.046875
4085,140930.75
4086,114329.53125
4087,287810.875
4088,170596.546875
4089,164567.375
4090,205014.625
4091,141857.515625
4092,152157.53125
4093,211717.78125
4094,154339.046875
4095,119490.71875
4096,147071.71875
4097,218712.78125
4098,189747.5625
4099,111000.6015625
4100,177353.890625
4101,158085.125
4102,233443.578125
4103,150317.34375
4104,222031.703125
4105,163816.421875
4106,165960.25
4107,148703.8125
4108,169420.09375
4109,148129.671875
4110,169405.796875
4111,129864.9140625
4112,145706.40625
4113,200069.203125
4114,197170.671875
4115,212782.9375
4116,127931.7109375
4117,107492.0625
4118,144300.328125
4119,206459.609375
4120,160658.34375
4121,172453.78125
4122,236543.40625
4123,162023.8125
4124,161201.609375
4125,186200.9375
4126,146704.859375
4127,120302.71875
4128,127671.15625
4129,163140.96875
4130,227176.6875
4131,136026.140625
4132,89706.6640625
4133,133506.53125
4134,160702.125
4135,179469.625
4136,115839.109375
4137,134069.828125
4138,173589.75
4139,184083.953125
4140,117173.640625
4141,109305.1484375
4142,127507.8828125
4143,189319.078125
4144,187176.421875
4145,182134.984375
4146,157618.8125
4147,149587.96875
4148,187323.890625
4149,156184.9375
4150,188797.875
4151,174247.265625
4152,222143.515625
4153,173726.09375
4154,153322.890625
4155,193519.5625
4156,198984.359375
4157,235771.5625
4158,164028.28125
4159,165377.53125
4160,136775.890625
4161,236306.203125
4162,224638
4163,223787.53125
4164,221523.9375
4165,161290.75
4166,112688.25
4167,136725.28125
4168,255664.15625
4169,207439.75
4170,141595.046875
4171,177815.953125
4172,164322.03125
4173,168815.6875
4174,147155.578125
4175,147827.828125
4176,170028.296875
4177,196177.03125
4178,203220.328125
4179,158788.84375
4180,254528.671875
4181,173959.40625
4182,141855.515625
4183,129668.359375
4184,129912.25
4185,128103.9453125
4186,166965.0625
4187,194562.28125
4188,150560.8125
4189,165257.296875
4190,239493.484375
4191,122390.390625
4192,127860.1015625
4193,144657.9375
4194,194079.8125
4195,160400.984375
4196,175664.875
4197,196555.125
4198,159339.609375
4199,149206.40625
4200,218410.203125
4201,286259.34375
4202,185475.5
4203,183034.40625
4204,165335.875
4205,215015.546875
4206,166163.4375
4207,130332.234375
4208,136632.703125
4209,206390.3125
4210,148021.25
4211,170063.703125
4212,158424.109375
4213,168476.359375
4214,144117.421875
4215,134993.40625
4216,236332.640625
4217,178200.140625
4218,160744.71875
4219,204402.734375
4220,179703.515625
4221,165592.140625
4222,202160.921875
4223,130658.96875
4224,234873.734375
4225,187691.75
4226,153528.40625
4227,142504.9375
4228,217989.015625
4229,216359.40625
4230,198551.859375
4231,182426.90625
4232,105054.2109375
4233,119926.2734375
4234,175287.046875
4235,145938.59375
4236,190119.84375
4237,154172.140625
4238,137490.65625
4239,199696.421875
4240,225659.75
4241,141236
4242,242223.21875
4243,192776.1875
4244,268569.40625
4245,308562.25
4246,255580.515625
4247,131796.46875
4248,194523.921875
4249,131328.03125
4250,109414.359375
4251,242552.5625
4252,190919.328125
4253,201956.265625
4254,143289.25
4255,229266.703125
4256,140266.265625
4257,176933.125
4258,148397.125
4259,145951.671875
4260,121233.6953125
4261,123249.7734375
4262,119075.25
4263,187176.578125
4264,166734.578125
4265,130790.0078125
4266,151155.375
4267,160040.875
4268,188382.859375
4269,144646.984375
4270,122703.578125
4271,148342.5
4272,219653.46875
4273,221002.5625
4274,154279.84375
4275,237353.515625
4276,245850.46875
4277,170248.296875
4278,163075.203125
4279,143785.84375
4280,163560.234375
4281,205692.875
4282,126228.265625
4283,175622.84375
4284,181506.140625
4285,217241.84375
4286,205307.78125
4287,144871.015625
4288,151174.21875
4289,113200.4296875
4290,144231.046875
4291,112956.8359375
4292,186316.71875
4293,154634.8125
4294,215896.671875
4295,254789.84375
4296,129249.0546875
4297,149829.359375
4298,178189.15625
4299,274611.53125
4300,143623.75
4301,243198.15625
4302,321806.09375
4303,163960.46875
4304,174976.765625
4305,158666.21875
4306,131061.6796875
4307,286189.71875
4308,258149.25
4309,124713.5625
4310,155687.3125
4311,139896.609375
4312,108800.765625
4313,161633.4375
4314,166051.0625
4315,129266.15625
4316,198615.8125
4317,269877.1875
4318,144411.109375
4319,109151.765625
4320,251080.0625
4321,107527.96875
4322,190919.9375
4323,188354.546875
4324,229884.109375
4325,146557.5
4326,174091.0625
4327,106940.796875
4328,121494.6328125
4329,210762.625
4330,173892.28125
4331,152577.09375
4332,157649.4375
4333,185034.109375
4334,143878.0625
4335,137719.265625
4336,153928.296875
4337,143878.96875
4338,132855.171875
4339,177058.5625
4340,135400.453125
4341,214105.140625
4342,154056.390625
4343,155378.953125
4344,199930.921875
4345,149684.734375
4346,142335.421875
4347,137215.65625
4348,133784.3125
4349,164909.203125
4350,130616.3671875
4351,171172.40625
4352,131015.2265625
4353,260446.453125
4354,129578.109375
4355,173999.078125
4356,137263.21875
4357,128678.546875
4358,161879.484375
4359,176657.484375
4360,192476.5
4361,152327.984375
4362,133175.71875
4363,127634.0546875
4364,157922.421875
4365,126416.6328125
4366,242235.21875
4367,156756.890625
4368,160214.140625
4369,139196.703125
4370,173947.859375
4371,163225.1875
4372,147648.0625
4373,159276.59375
4374,162059.984375
4375,181339.34375
4376,162450.234375
4377,138848.796875
4378,144937.640625
4379,187029.140625
4380,243054.390625
4381,126157.53125
4382,150440.265625
4383,132776.96875
4384,160274.03125
4385,140004.953125
4386,265317.28125
4387,163075.796875
4388,140359.1875
4389,167641.015625
4390,235841.171875
4391,177995.40625
4392,125112.90625
4393,155720.5625
4394,200549.46875
4395,192814.875
4396,222800.640625
4397,177250.640625
4398,123499.640625
4399,118750.0078125
4400,161483.71875
4401,156789.28125
4402,212614.21875
4403,224738.984375
4404,249781
4405,160762.65625
4406,201664.484375
4407,139530.8125
4408,212732.546875
4409,178343.0625
4410,173171.828125
4411,261700.921875
4412,144957.734375
4413,142859.96875
4414,140461.234375
4415,153595.0625
4416,210957.359375
4417,216864.796875
4418,164181.640625
4419,183378.78125
4420,203479.609375
4421,295202.53125
4422,171449.65625
4423,136113.078125
4424,177277.28125
4425,112866.453125
4426,170313.265625
4427,171944.828125
4428,135222.46875
4429,181905.71875
4430,126821.25
4431,158569.984375
4432,157506.78125
4433,222976.875
4434,118741.4453125
4435,139276.703125
4436,123212.5625
4437,181193.59375
4438,147621.640625
4439,198387.578125
4440,171219.484375
4441,257254.515625
4442,229427.765625
4443,241958.171875
4444,216587.390625
4445,159354.609375
4446,177873.671875
4447,126900.7578125
4448,118667.0703125
4449,190412.984375
4450,119104.203125
4451,143229.859375
4452,159712.359375
4453,149122.84375
4454,178887.3125
4455,120921.6875
4456,163243.53125
4457,139603.171875
4458,190590.375
4459,163010.15625
4460,136062.625
4461,142029.609375
4462,226862.140625
4463,187702.453125
4464,230748.84375
4465,126170.328125
4466,189128.109375
4467,164514.296875
4468,272552.65625
4469,160806.96875
4470,231862.515625
4471,185262.484375
4472,233138.28125
4473,220465
4474,194843.234375
4475,163284.875
4476,141442.734375
4477,234660.859375
4478,125152.5703125
4479,274382.53125
4480,160678.34375
4481,142105.25
4482,155689.140625
4483,192397.75
4484,223714.03125
4485,178223.328125
4486,126100.328125
4487,159612.1875
4488,141634.625
4489,156115.0625
4490,171228.59375
4491,165531.734375
4492,191599.375
4493,188603.921875
4494,143703.375
4495,114725.3046875
4496,152226.03125
4497,138522.890625
4498,135840.421875
4499,169801.796875
4500,131943.390625
4501,149405.6875
4502,284484.59375
4503,152742.421875
4504,133094.4375
4505,196829.203125
4506,169280.515625
4507,120509.78125
4508,195545.703125
4509,236777.84375
4510,199516.203125
4511,129037.5078125
4512,194660.25
4513,166350.203125
4514,138207.8125
4515,173117.234375
4516,128137.7578125
4517,162098.171875
4518,163846.078125
4519,324096.40625
4520,172896.359375
4521,159102.40625
4522,130495.1796875
4523,161548.640625
4524,145970.921875
4525,180317.78125
4526,144027.609375
4527,228905.171875
4528,181281.84375
4529,240659.625
4530,112955.953125
4531,144506.1875
4532,202700.015625
4533,180639.75
4534,181823.25
4535,165169.921875
4536,172955.25
4537,157978.90625
4538,144872.28125
4539,145707.8125
4540,157016.796875
4541,124102.9296875
4542,156572.640625
4543,182181.5625
4544,169171.78125
4545,153595.78125
4546,150551.359375
4547,245707.671875
4548,195015.765625
4549,195622.296875
4550,166177.125
4551,147184
4552,144641.40625
4553,164949.546875
4554,223384.390625
4555,164399.90625
4556,138200.53125
4557,133171.65625
4558,179264.109375
4559,179452.28125
4560,158149.390625
4561,178503.96875
4562,145791.578125
4563,158915.96875
4564,134585.421875
4565,169482.34375
4566,135565.15625
4567,192400.125
4568,164432.390625
4569,190309.9375
4570,184618.21875
4571,184271.78125
4572,140541.015625
4573,260207.609375
4574,213421.390625
4575,160592.703125
4576,152825.796875
4577,177576.09375
4578,160087.96875
4579,151649.515625
4580,194608.78125
4581,196426.03125
4582,190528.25
4583,146085.859375
4584,143117.546875
4585,218765.453125
4586,111726.6484375
4587,150062.21875
4588,124751.015625
4589,156945.140625
4590,217938.5625
4591,151116.046875
4592,146020.25
4593,129153.703125
4594,212465.109375
4595,131076.90625
4596,151208.265625
4597,144528.796875
4598,131533.46875
4599,173052.84375
4600,142340.5
4601,103684.40625
4602,182212.859375
4603,197409.921875
4604,155971.265625
4605,133757.921875
4606,145335.1875
4607,214136.203125
4608,166552.828125
4609,133409.234375
4610,154593.609375
4611,179999.3125
4612,176663.609375
4613,186250.015625
4614,206951.375
4615,204265.703125
4616,163034.265625
4617,198664.84375
4618,221501.1875
4619,191563.4375
4620,144231.71875
4621,169829.890625
4622,191039.375
4623,164643.125
4624,191035.046875
4625,141655.28125
4626,125356.0625
4627,162690.234375
4628,117225.2421875
4629,156139.203125
4630,159954.125
4631,201675.15625
4632,124638.5625
4633,189753.734375
4634,196761.140625
4635,174304.125
4636,166750.15625
4637,155040.96875
4638,185645.78125
4639,144283.96875
4640,144156.5625
4641,156325.484375
4642,170007.109375
4643,148735.15625
4644,187983.09375
4645,114629.5625
4646,112831.1796875
4647,170390.015625
4648,247109.734375
4649,206975.640625
4650,119962.796875
4651,220020.140625
4652,152016.828125
4653,147492.359375
4654,123290.671875
4655,176580.953125
4656,153785.921875
4657,138905.921875
4658,117300.171875
4659,208160.390625
4660,144135.25
4661,167750.65625
4662,200519.015625
4663,132115.84375
4664,133280.546875
4665,169444.171875
4666,200993.015625
4667,167435.65625
4668,169764.765625
4669,185990.890625
4670,159887.8125
4671,131943.65625
4672,154613.5
4673,146248.5
4674,190257.234375
4675,101366.625
4676,192810.609375
4677,131605.921875
4678,242502.265625
4679,132490.5
4680,180613.84375
4681,170001.046875
4682,287635.6875
4683,118154.875
4684,185220.578125
4685,165276.359375
4686,158697.46875
4687,209058.109375
4688,130404.421875
4689,219163.3125
4690,200319.859375
4691,167867.71875
4692,167996.890625
4693,282499.0625
4694,184006.296875
4695,174425.8125
4696,199193.078125
4697,155426.234375
4698,199760.9375
4699,150411.453125
4700,148805.328125
4701,184852.609375
4702,140862.3125
4703,157697.421875
4704,157098.34375
4705,160903.09375
4706,187749.15625
4707,108179.3046875
4708,110506.8046875
4709,178230.875
4710,155170.234375
4711,132825.09375
4712,157093.828125
4713,139825.921875
4714,151759.734375
4715,175200.65625
4716,179087.125
4717,131643.1875
4718,150488.078125
4719,121471.0703125
4720,120787.2421875
4721,149360.96875
4722,234464.1875
4723,164418.0625
4724,167692.984375
4725,137947.8125
4726,185279.765625
4727,178109.296875
4728,126494.3984375
4729,162230.875
4730,136728.09375
4731,157365.9375
4732,146061.15625
4733,137341.515625
4734,231031.1875
4735,150988.75
4736,166081.375
4737,164194.125
4738,181033.140625
4739,142095.1875
4740,160502.40625
4741,121626.3671875
4742,277120.96875
4743,153158.28125
4744,128105.4609375
4745,265609.96875
4746,161445.078125
4747,153575
4748,138677.8125
4749,200376.359375
4750,134728.25
4751,172455.6875
4752,181326.953125
4753,147514.546875
4754,169907.390625
4755,173671.296875
4756,132942.890625
4757,148108.90625
4758,164933.984375
4759,234878.53125
4760,146615.3125
4761,156500.46875
4762,127489.15625
4763,150840.96875
4764,146245.875
4765,240078.765625
4766,163315.125
4767,167021.625
4768,193730.296875
4769,176024.03125
4770,196637.890625
4771,168252.734375
4772,150387.96875
4773,178117.5
4774,140312.734375
4775,143240.71875
4776,151077.25
4777,149156.125
4778,137834.375
4779,193518.421875
4780,207383.34375
4781,190504.5625
4782,164745.046875
4783,140825.796875
4784,183813.796875
4785,279454.09375
4786,153781.328125
4787,110638.0546875
4788,224409.46875
4789,154228.625
4790,153522.703125
4791,166607.96875
4792,143206.5
4793,119847.6875
4794,172451.9375
4795,174379.125
4796,125399.0546875
4797,197551.0625
4798,127663.78125
4799,210060.359375
4800,131842.78125
4801,140605.265625
4802,152608.9375
4803,148950.859375
4804,158506.171875
4805,145126.03125
4806,185903.265625
4807,211459.640625
4808,167499.328125
4809,152103.3125
4810,182917.203125
4811,156510.875
4812,145145.390625
4813,133859.25
4814,160342.484375
4815,220730.03125
4816,156829.6875
4817,151623.515625
4818,158666.21875
4819,201482.265625
4820,248537.203125
4821,154828.21875
4822,186769.8125
4823,225609.0625
4824,148553.40625
4825,168648.0625
4826,130490.4140625
4827,195573.296875
4828,156436.390625
4829,168256.421875
4830,175036.875
4831,184838.015625
4832,131829.75
4833,158012.171875
4834,178290.875
4835,150969.328125
4836,126562.4609375
4837,172689.15625
4838,138699.859375
4839,153453.71875
4840,129625.7265625
4841,178639.078125
4842,249510.34375
4843,177487.140625
4844,163183.375
4845,142727.546875
4846,233061.296875
4847,181955.640625
4848,179217.09375
4849,185615.65625
4850,168042.5
4851,186755.90625
4852,155883.515625
4853,186781.46875
4854,165977.296875
4855,166455.21875
4856,183299.890625
4857,152182.421875
4858,188274.1875
4859,157094.40625
4860,259539.28125
4861,149387.71875
4862,128961.890625
4863,175098.265625
4864,163385.65625
4865,183615.75
4866,129625.7734375
4867,159086.296875
4868,203576.015625
4869,153828.296875
4870,203615.046875
4871,127408.6953125
4872,170967.25
4873,171493.171875
4874,205378.125
4875,144679.96875
4876,143971.90625
4877,113654.703125
4878,141391.484375
4879,196259.40625
4880,135787.9375
4881,123413.7890625
4882,163024.34375
4883,131875.3125
4884,144309.0625
4885,176826.828125
4886,217473.984375
4887,182349.96875
4888,130528.2734375
4889,204467.25
4890,195138.515625
4891,147086.78125
4892,166941.0625
4893,189060.703125
4894,179585.59375
4895,151367.859375
4896,167622.984375
4897,149627.109375
4898,148162.78125
4899,145755.390625
4900,206414.171875
4901,174035.703125
4902,159955.046875
4903,192142.328125
4904,171276.171875
4905,143060.59375
4906,230620.296875
4907,217420.28125
4908,202459.3125
4909,185965.390625
4910,189790.109375
4911,153928.359375
4912,239219.6875
4913,123553.0625
4914,157211.046875
4915,172874.53125
4916,135989.578125
4917,242197.328125
4918,229761.546875
4919,172693.796875
4920,220311.875
4921,159983.28125
4922,126325.3359375
4923,228857.6875
4924,185545.53125
4925,146200.25
4926,113393.28125
4927,170949.375
4928,193507.28125
4929,185401.75
4930,229583.484375
4931,165511.1875
4932,129689.625
4933,154880.640625
4934,121822.7109375
4935,200681.1875
4936,293308.5625
4937,206263.15625
4938,149473.421875
4939,180969.421875
4940,171624.4375
4941,135477.109375
4942,190851.796875
4943,158152.515625
4944,131308.671875
4945,102540.0234375
4946,201043.421875
4947,214139.578125
4948,147557.453125
4949,108493.078125
4950,266671.84375
4951,204771.3125
4952,158665.53125
4953,209195.578125
4954,149598.34375
4955,203624.65625
4956,144038.65625
4957,158421.265625
4958,130900.515625
4959,192258.578125
4960,157551.71875
4961,127013.6015625
4962,194502.28125
4963,189105.53125
4964,213749.28125
4965,236454.34375
4966,186897.28125
4967,210343.5625
4968,177959.5
4969,186276.078125
4970,209663.546875
4971,180920.03125
4972,146756.171875
4973,137458.640625
4974,165486.078125
4975,124194.359375
4976,161556.203125
4977,121275.734375
4978,168916.1875
4979,103716.3203125
4980,160015.6875
4981,145294.921875
4982,179541.546875
4983,164549.640625
4984,162340.3125
4985,195073.9375
4986,215155.140625
4987,131264.984375
4988,101918.1640625
4989,189469.140625
4990,105041.109375
4991,136022.015625
4992,150164.859375
4993,164083.453125
4994,148734.3125
4995,187102.5625
4996,198629.53125
4997,309685.25
4998,228186.328125
4999,195685.109375
5000,153149.03125
